dataset,fsn,time,image,saa,tracks
2014,4982249,2014-04-07T11:18:32.79Z,FUV,0,0
2014,4982252,2014-04-07T11:18:38.72Z,FUV,0,0
2014,4982255,2014-04-07T11:18:44.20Z,FUV,0,0
2014,4982258,2014-04-07T11:18:49.86Z,FUV,0,0
2014,4982261,2014-04-07T11:18:55.50Z,FUV,0,0
2014,4982264,2014-04-07T11:19:00.94Z,FUV,0,0
2014,4982267,2014-04-07T11:19:06.49Z,FUV,0,1
2014,4982270,2014-04-07T11:19:12.25Z,FUV,0,0
2014,4982273,2014-04-07T11:19:17.73Z,FUV,0,0
2014,4982276,2014-04-07T11:19:23.35Z,FUV,0,0
2014,4982279,2014-04-07T11:19:29.03Z,FUV,0,0
2014,4982282,2014-04-07T11:19:34.47Z,FUV,0,0
2014,4982285,2014-04-07T11:19:40.13Z,FUV,0,0
2014,4982288,2014-04-07T11:19:45.81Z,FUV,0,0
2014,4982291,2014-04-07T11:19:51.35Z,FUV,0,0
2014,4982294,2014-04-07T11:19:56.93Z,FUV,0,0
2014,4982297,2014-04-07T11:20:02.60Z,FUV,0,0
2014,4982300,2014-04-07T11:20:08.03Z,FUV,0,0
2014,4982303,2014-04-07T11:20:13.63Z,FUV,0,0
2014,4982306,2014-04-07T11:20:19.35Z,FUV,0,0
2014,4982309,2014-04-07T11:20:24.82Z,FUV,0,0
2014,4982312,2014-04-07T11:20:30.43Z,FUV,0,0
2014,4982315,2014-04-07T11:20:36.13Z,FUV,0,0
2014,4982318,2014-04-07T11:20:41.62Z,FUV,0,0
2014,4982321,2014-04-07T11:20:47.18Z,FUV,0,0
2014,4982324,2014-04-07T11:20:52.91Z,FUV,0,0
2014,4982327,2014-04-07T11:20:58.38Z,FUV,0,0
2014,4982330,2014-04-07T11:21:04.06Z,FUV,0,0
2014,4982333,2014-04-07T11:21:09.69Z,FUV,0,0
2014,4982336,2014-04-07T11:21:15.12Z,FUV,0,0
2014,4982339,2014-04-07T11:21:20.68Z,FUV,0,0
2014,4982342,2014-04-07T11:21:26.44Z,FUV,0,0
2014,4982345,2014-04-07T11:21:31.95Z,FUV,0,0
2014,4982348,2014-04-07T11:21:37.62Z,FUV,0,0
2014,4982351,2014-04-07T11:21:43.22Z,FUV,0,0
2014,4982354,2014-04-07T11:21:48.66Z,FUV,0,0
2014,4982357,2014-04-07T11:21:54.24Z,FUV,0,0
2014,4982360,2014-04-07T11:22:00.00Z,FUV,0,0
2014,4982363,2014-04-07T11:22:05.47Z,FUV,0,1
2014,4982366,2014-04-07T11:22:11.07Z,FUV,0,0
2014,4982369,2014-04-07T11:22:16.78Z,FUV,0,0
2014,4982372,2014-04-07T11:22:22.21Z,FUV,0,0
2014,4982375,2014-04-07T11:22:27.83Z,FUV,0,0
2014,4982378,2014-04-07T11:22:33.56Z,FUV,0,0
2014,4982381,2014-04-07T11:22:39.03Z,FUV,0,0
2014,4982384,2014-04-07T11:22:44.66Z,FUV,0,0
2014,4982387,2014-04-07T11:22:50.31Z,FUV,0,0
2014,4982390,2014-04-07T11:22:55.77Z,FUV,0,0
2014,4982393,2014-04-07T11:23:01.38Z,FUV,0,0
2014,4982396,2014-04-07T11:23:07.10Z,FUV,0,0
2014,4982399,2014-04-07T11:23:12.59Z,FUV,0,0
2014,4982402,2014-04-07T11:23:18.24Z,FUV,0,0
2014,4982405,2014-04-07T11:23:23.88Z,FUV,0,0
2014,4982408,2014-04-07T11:23:29.30Z,FUV,0,0
2014,4982411,2014-04-07T11:23:34.89Z,FUV,0,0
2014,4982414,2014-04-07T11:23:40.63Z,FUV,0,0
2014,4982417,2014-04-07T11:23:46.13Z,FUV,0,0
2014,4982420,2014-04-07T11:23:51.74Z,FUV,0,0
2014,4982423,2014-04-07T11:23:57.41Z,FUV,0,0
2014,4982426,2014-04-07T11:24:02.82Z,FUV,0,0
2014,4982429,2014-04-07T11:24:08.44Z,FUV,0,0
2014,4982432,2014-04-07T11:24:14.19Z,FUV,0,0
2014,4982435,2014-04-07T11:24:19.68Z,FUV,0,0
2014,4982438,2014-04-07T11:24:25.26Z,FUV,0,0
2014,4982441,2014-04-07T11:24:30.97Z,FUV,0,0
2014,4982444,2014-04-07T11:24:36.40Z,FUV,0,0
2014,4982447,2014-04-07T11:24:41.99Z,FUV,0,0
2014,4982450,2014-04-07T11:24:47.72Z,FUV,0,0
2014,4982453,2014-04-07T11:24:53.19Z,FUV,0,0
2014,4982456,2014-04-07T11:24:58.82Z,FUV,0,0
2014,4982459,2014-04-07T11:25:04.50Z,FUV,0,0
2014,4982462,2014-04-07T11:25:09.96Z,FUV,0,0
2014,4982465,2014-04-07T11:25:15.52Z,FUV,0,0
2014,4982468,2014-04-07T11:25:21.28Z,FUV,0,0
2014,4982471,2014-04-07T11:25:26.77Z,FUV,0,0
2014,4982474,2014-04-07T11:25:32.44Z,FUV,0,0
2014,4982477,2014-04-07T11:25:38.06Z,FUV,0,0
2014,4982480,2014-04-07T11:25:43.49Z,FUV,0,0
2014,4982483,2014-04-07T11:25:49.07Z,FUV,0,0
2014,4982486,2014-04-07T11:25:54.81Z,FUV,0,0
2014,4982489,2014-04-07T11:26:00.32Z,FUV,0,0
2014,4982492,2014-04-07T11:26:05.94Z,FUV,0,0
2014,4982495,2014-04-07T11:26:11.60Z,FUV,0,0
2014,4982498,2014-04-07T11:26:17.06Z,FUV,0,0
2014,4982501,2014-04-07T11:26:22.67Z,FUV,0,0
2014,4982504,2014-04-07T11:26:28.38Z,FUV,0,0
2014,4982507,2014-04-07T11:26:33.83Z,FUV,0,0
2014,4982510,2014-04-07T11:26:39.42Z,FUV,0,0
2014,4982513,2014-04-07T11:26:45.16Z,FUV,0,0
2014,4982516,2014-04-07T11:26:50.59Z,FUV,0,0
2014,4982519,2014-04-07T11:26:56.21Z,FUV,0,0
2014,4982522,2014-04-07T11:27:01.91Z,FUV,0,0
2014,4982525,2014-04-07T11:27:07.35Z,FUV,0,0
2014,4982528,2014-04-07T11:27:12.98Z,FUV,0,0
2014,4982531,2014-04-07T11:27:18.69Z,FUV,0,0
2014,4982534,2014-04-07T11:27:24.17Z,FUV,0,0
2014,4982537,2014-04-07T11:27:29.72Z,FUV,0,0
2014,4982540,2014-04-07T11:27:35.47Z,FUV,0,0
2014,4982543,2014-04-07T11:27:40.92Z,FUV,0,0
2014,4982546,2014-04-07T11:27:46.55Z,FUV,0,0
2014,4982549,2014-04-07T11:27:52.25Z,FUV,0,0
2014,4982552,2014-04-07T11:27:57.67Z,FUV,0,0
2014,4982555,2014-04-07T11:28:03.27Z,FUV,0,0
2014,4982558,2014-04-07T11:28:09.00Z,FUV,0,0
2014,4982561,2014-04-07T11:28:14.49Z,FUV,0,0
2014,4982564,2014-04-07T11:28:20.13Z,FUV,0,0
2014,4982567,2014-04-07T11:28:25.78Z,FUV,0,0
2014,4982570,2014-04-07T11:28:31.23Z,FUV,0,0
2014,4982573,2014-04-07T11:28:36.83Z,FUV,0,0
2014,4982576,2014-04-07T11:28:42.56Z,FUV,0,0
2014,4982579,2014-04-07T11:28:48.04Z,FUV,0,1
2014,4982582,2014-04-07T11:28:53.64Z,FUV,0,0
2014,4982585,2014-04-07T11:28:59.35Z,FUV,0,0
2014,4982588,2014-04-07T11:29:04.79Z,FUV,0,0
2014,4982591,2014-04-07T11:29:10.38Z,FUV,0,1
2014,4982594,2014-04-07T11:29:16.10Z,FUV,0,0
2014,4982597,2014-04-07T11:29:21.56Z,FUV,0,0
2014,4982600,2014-04-07T11:29:27.18Z,FUV,0,0
2014,4982603,2014-04-07T11:29:32.88Z,FUV,0,0
2014,4982606,2014-04-07T11:29:38.35Z,FUV,0,0
2014,4982609,2014-04-07T11:29:43.92Z,FUV,0,0
2014,4982612,2014-04-07T11:29:49.66Z,FUV,0,0
2014,4982615,2014-04-07T11:29:55.10Z,FUV,0,1
2014,4982618,2014-04-07T11:30:00.74Z,FUV,0,0
2014,4982621,2014-04-07T11:30:06.44Z,FUV,0,1
2014,4982624,2014-04-07T11:30:11.87Z,FUV,0,0
2014,4982627,2014-04-07T11:30:17.46Z,FUV,0,0
2014,4982630,2014-04-07T11:30:23.19Z,FUV,0,0
2014,4982633,2014-04-07T11:30:28.68Z,FUV,0,0
2014,4982636,2014-04-07T11:30:34.29Z,FUV,0,0
2014,4982639,2014-04-07T11:30:39.97Z,FUV,0,0
2014,4982642,2014-04-07T11:30:45.39Z,FUV,0,0
2014,4982645,2014-04-07T11:30:50.99Z,FUV,0,0
2014,4982648,2014-04-07T11:30:56.75Z,FUV,0,0
2014,4982651,2014-04-07T11:31:02.21Z,FUV,0,0
2014,4982654,2014-04-07T11:31:07.79Z,FUV,0,0
2014,4982657,2014-04-07T11:31:13.53Z,FUV,0,0
2014,4982660,2014-04-07T11:31:18.96Z,FUV,0,0
2014,4982663,2014-04-07T11:31:24.56Z,FUV,0,0
2014,4982666,2014-04-07T11:31:30.28Z,FUV,0,0
2014,4982669,2014-04-07T11:31:35.75Z,FUV,0,0
2014,4982672,2014-04-07T11:31:41.37Z,FUV,0,0
2014,4982675,2014-04-07T11:31:47.06Z,FUV,0,0
2014,4982678,2014-04-07T11:31:52.51Z,FUV,0,0
2014,4982681,2014-04-07T11:31:58.06Z,FUV,0,0
2014,4982684,2014-04-07T11:32:03.85Z,FUV,0,0
2014,4982687,2014-04-07T11:32:09.33Z,FUV,0,0
2014,4982690,2014-04-07T11:32:15.03Z,FUV,0,0
2014,4982693,2014-04-07T11:32:20.63Z,FUV,0,0
2014,4982696,2014-04-07T11:32:26.07Z,FUV,0,0
2014,4982699,2014-04-07T11:32:31.65Z,FUV,0,0
2014,4982702,2014-04-07T11:32:37.41Z,FUV,0,1
2014,4982705,2014-04-07T11:32:42.89Z,FUV,0,0
2014,4982708,2014-04-07T11:32:48.56Z,FUV,0,0
2014,4982711,2014-04-07T11:32:54.16Z,FUV,0,0
2014,4982714,2014-04-07T11:32:59.60Z,FUV,0,0
2014,4982717,2014-04-07T11:33:05.18Z,FUV,0,1
2014,4982720,2014-04-07T11:33:10.94Z,FUV,0,0
2014,4982723,2014-04-07T11:33:16.39Z,FUV,0,0
2014,4982726,2014-04-07T11:33:21.99Z,FUV,0,0
2014,4982729,2014-04-07T11:33:27.72Z,FUV,0,1
2014,4982732,2014-04-07T11:33:33.17Z,FUV,0,0
2014,4982735,2014-04-07T11:33:38.76Z,FUV,0,1
2014,4982738,2014-04-07T11:33:44.47Z,FUV,0,0
2014,4982741,2014-04-07T11:33:49.94Z,FUV,0,0
2014,4982744,2014-04-07T11:33:55.54Z,FUV,0,0
2014,4982747,2014-04-07T11:34:01.25Z,FUV,0,0
2014,4982750,2014-04-07T11:34:06.72Z,FUV,0,0
2014,4982753,2014-04-07T11:34:12.31Z,FUV,0,0
2014,4982756,2014-04-07T11:34:18.03Z,FUV,0,0
2014,4982759,2014-04-07T11:34:23.52Z,FUV,0,0
2014,4982762,2014-04-07T11:34:29.18Z,FUV,0,0
2014,4982765,2014-04-07T11:34:34.81Z,FUV,0,0
2014,4982768,2014-04-07T11:34:40.24Z,FUV,0,0
2014,4982771,2014-04-07T11:34:45.83Z,FUV,0,0
2014,4982774,2014-04-07T11:34:51.56Z,FUV,0,0
2014,4982777,2014-04-07T11:34:57.09Z,FUV,0,0
2014,4982780,2014-04-07T11:35:02.72Z,FUV,0,0
2014,4982783,2014-04-07T11:35:08.35Z,FUV,0,0
2014,4982786,2014-04-07T11:35:13.77Z,FUV,0,0
2014,4982789,2014-04-07T11:35:19.43Z,FUV,0,0
2014,4982792,2014-04-07T11:35:25.13Z,FUV,0,0
2014,4982795,2014-04-07T11:35:30.59Z,FUV,0,0
2014,4982798,2014-04-07T11:35:36.21Z,FUV,0,0
2014,4982801,2014-04-07T11:35:41.91Z,FUV,0,0
2014,4982804,2014-04-07T11:35:47.34Z,FUV,0,0
2014,4982807,2014-04-07T11:35:52.96Z,FUV,0,0
2014,4982810,2014-04-07T11:35:58.66Z,FUV,0,0
2014,4982813,2014-04-07T11:36:04.10Z,FUV,0,0
2014,4982816,2014-04-07T11:36:09.70Z,FUV,0,0
2014,4982819,2014-04-07T11:36:15.44Z,FUV,0,0
2014,4982822,2014-04-07T11:36:20.88Z,FUV,0,2
2014,4982825,2014-04-07T11:36:26.46Z,FUV,0,0
2014,4982828,2014-04-07T11:36:32.22Z,FUV,0,0
2014,4982831,2014-04-07T11:36:37.67Z,FUV,0,1
2014,4982834,2014-04-07T11:36:43.29Z,FUV,0,0
2014,4982837,2014-04-07T11:36:49.00Z,FUV,0,0
2014,4982840,2014-04-07T11:36:54.43Z,FUV,0,0
2014,4982843,2014-04-07T11:37:00.01Z,FUV,0,0
2014,4982846,2014-04-07T11:37:05.75Z,FUV,0,0
2014,4982849,2014-04-07T11:37:11.24Z,FUV,0,0
2014,4982852,2014-04-07T11:37:16.88Z,FUV,0,0
2014,4982855,2014-04-07T11:37:22.53Z,FUV,0,0
2014,4982858,2014-04-07T11:37:27.99Z,FUV,0,0
2014,4982861,2014-04-07T11:37:33.57Z,FUV,0,0
2014,4982864,2014-04-07T11:37:39.31Z,FUV,0,0
2014,4982867,2014-04-07T11:37:44.81Z,FUV,0,0
2014,4982870,2014-04-07T11:37:50.39Z,FUV,0,0
2014,4982873,2014-04-07T11:37:56.10Z,FUV,0,0
2014,4982876,2014-04-07T11:38:01.52Z,FUV,0,0
2014,4982879,2014-04-07T11:38:07.11Z,FUV,0,0
2014,4982882,2014-04-07T11:38:12.84Z,FUV,0,0
2014,4982885,2014-04-07T11:38:18.33Z,FUV,0,0
2014,4982888,2014-04-07T11:38:23.95Z,FUV,0,1
2014,4982891,2014-04-07T11:38:29.63Z,FUV,0,0
2014,4982894,2014-04-07T11:38:35.10Z,FUV,0,0
2014,4982897,2014-04-07T11:38:40.67Z,FUV,0,0
2014,4982900,2014-04-07T11:38:46.41Z,FUV,0,0
2014,4982903,2014-04-07T11:38:51.91Z,FUV,0,0
2014,4982906,2014-04-07T11:38:57.54Z,FUV,0,0
2014,4982909,2014-04-07T11:39:03.19Z,FUV,0,0
2014,4982912,2014-04-07T11:39:08.63Z,FUV,0,0
2014,4982915,2014-04-07T11:39:14.20Z,FUV,0,0
2014,4982918,2014-04-07T11:39:19.94Z,FUV,0,0
2014,4982921,2014-04-07T11:39:25.44Z,FUV,0,0
2014,4982924,2014-04-07T11:39:31.02Z,FUV,0,0
2014,4982927,2014-04-07T11:39:36.72Z,FUV,0,0
2014,4982930,2014-04-07T11:39:42.16Z,FUV,0,0
2014,4982933,2014-04-07T11:39:47.81Z,FUV,0,0
2014,4982936,2014-04-07T11:39:53.50Z,FUV,0,0
2014,4982939,2014-04-07T11:39:58.99Z,FUV,0,0
2014,4982942,2014-04-07T11:40:04.59Z,FUV,0,0
2014,4982945,2014-04-07T11:40:10.28Z,FUV,0,2
2014,4982948,2014-04-07T11:40:15.71Z,FUV,0,0
2014,4982951,2014-04-07T11:40:21.33Z,FUV,0,0
2014,4982954,2014-04-07T11:40:27.03Z,FUV,0,0
2014,4982957,2014-04-07T11:40:32.48Z,FUV,0,0
2014,4982960,2014-04-07T11:40:38.09Z,FUV,0,0
2014,4982963,2014-04-07T11:40:43.81Z,FUV,0,0
2014,4982966,2014-04-07T11:40:49.26Z,FUV,0,0
2014,4982969,2014-04-07T11:40:54.87Z,FUV,0,0
2014,4982972,2014-04-07T11:41:00.60Z,FUV,0,0
2014,4982975,2014-04-07T11:41:06.05Z,FUV,0,0
2014,4982978,2014-04-07T11:41:11.71Z,FUV,0,1
2014,4982981,2014-04-07T11:41:17.38Z,FUV,0,1
2014,4982984,2014-04-07T11:41:22.80Z,FUV,0,0
2014,4982987,2014-04-07T11:41:28.44Z,FUV,0,0
2014,4982990,2014-04-07T11:41:34.13Z,FUV,0,0
2014,4982993,2014-04-07T11:41:39.63Z,FUV,0,0
2014,4982996,2014-04-07T11:41:45.24Z,FUV,0,0
2014,4982999,2014-04-07T11:41:50.91Z,FUV,0,0
2014,4983002,2014-04-07T11:41:56.35Z,FUV,0,0
2014,4983005,2014-04-07T11:42:02.02Z,FUV,0,0
2014,4983008,2014-04-07T11:42:07.69Z,FUV,0,0
2014,4983011,2014-04-07T11:42:13.22Z,FUV,0,0
2014,4983014,2014-04-07T11:42:18.82Z,FUV,0,0
2014,4983017,2014-04-07T11:42:24.47Z,FUV,0,0
2014,4983020,2014-04-07T11:42:29.93Z,FUV,0,0
2014,4983023,2014-04-07T11:42:35.52Z,FUV,0,0
2014,4983026,2014-04-07T11:42:41.22Z,FUV,0,0
2014,4983029,2014-04-07T11:42:46.68Z,FUV,0,0
2014,4983032,2014-04-07T11:42:52.30Z,FUV,0,0
2014,4983035,2014-04-07T11:42:58.00Z,FUV,0,0
2014,4983038,2014-04-07T11:43:03.42Z,FUV,0,0
2014,4983041,2014-04-07T11:43:09.05Z,FUV,0,0
2014,4983044,2014-04-07T11:43:14.78Z,FUV,0,0
2014,4983047,2014-04-07T11:43:20.25Z,FUV,0,0
2014,4983050,2014-04-07T11:43:25.88Z,FUV,0,0
2014,4983053,2014-04-07T11:43:31.56Z,FUV,0,0
2014,4983056,2014-04-07T11:43:36.97Z,FUV,0,0
2014,4983059,2014-04-07T11:43:42.56Z,FUV,0,1
2014,4983062,2014-04-07T11:43:48.31Z,FUV,0,0
2014,4983065,2014-04-07T11:43:53.81Z,FUV,0,0
2014,4983068,2014-04-07T11:43:59.43Z,FUV,0,0
2014,4983071,2014-04-07T11:44:05.10Z,FUV,0,0
2014,4983074,2014-04-07T11:44:10.53Z,FUV,0,0
2014,4983077,2014-04-07T11:44:16.18Z,FUV,0,1
2014,4983080,2014-04-07T11:44:21.88Z,FUV,0,0
2014,4983083,2014-04-07T11:44:27.39Z,FUV,0,0
2014,4983086,2014-04-07T11:44:32.97Z,FUV,0,0
2014,4983089,2014-04-07T11:44:38.66Z,FUV,0,0
2014,4983092,2014-04-07T11:44:44.11Z,FUV,0,0
2014,4983095,2014-04-07T11:44:49.74Z,FUV,0,0
2014,4983098,2014-04-07T11:44:55.41Z,FUV,0,0
2014,4983101,2014-04-07T11:45:00.89Z,FUV,0,0
2014,4983104,2014-04-07T11:45:06.52Z,FUV,0,0
2014,4983107,2014-04-07T11:45:12.19Z,FUV,0,0
2014,4983110,2014-04-07T11:45:17.66Z,FUV,0,0
2014,4983113,2014-04-07T11:45:23.24Z,FUV,0,0
2014,4983116,2014-04-07T11:45:28.97Z,FUV,0,0
2014,4983119,2014-04-07T11:45:34.46Z,FUV,0,0
2014,4983122,2014-04-07T11:45:40.08Z,FUV,0,0
2014,4983125,2014-04-07T11:45:45.75Z,FUV,0,0
2014,4983128,2014-04-07T11:45:51.17Z,FUV,0,0
2014,4983131,2014-04-07T11:45:56.77Z,FUV,0,0
2014,4983134,2014-04-07T11:46:02.50Z,FUV,0,0
2014,4983137,2014-04-07T11:46:08.03Z,FUV,0,0
2014,4983140,2014-04-07T11:46:13.65Z,FUV,0,0
2014,4983143,2014-04-07T11:46:19.28Z,FUV,0,0
2014,4983146,2014-04-07T11:46:24.70Z,FUV,0,1
2014,4983149,2014-04-07T11:46:30.35Z,FUV,0,0
2014,4983152,2014-04-07T11:46:36.06Z,FUV,0,0
2014,4983155,2014-04-07T11:46:41.59Z,FUV,0,0
2014,4983158,2014-04-07T11:46:47.18Z,FUV,0,0
2014,4983161,2014-04-07T11:46:52.85Z,FUV,0,0
2014,4983164,2014-04-07T11:46:58.30Z,FUV,0,0
2014,4983167,2014-04-07T11:47:03.91Z,FUV,0,0
2014,4983170,2014-04-07T11:47:09.59Z,FUV,0,0
2014,4983173,2014-04-07T11:47:15.07Z,FUV,0,0
2014,4983176,2014-04-07T11:47:20.68Z,FUV,0,0
2014,4983179,2014-04-07T11:47:26.38Z,FUV,0,0
2014,4983182,2014-04-07T11:47:31.82Z,FUV,0,0
2014,4983185,2014-04-07T11:47:37.46Z,FUV,0,0
2014,4983188,2014-04-07T11:47:43.16Z,FUV,0,0
2014,4983191,2014-04-07T11:47:48.63Z,FUV,0,0
2014,4983194,2014-04-07T11:47:54.27Z,FUV,0,0
2014,4983197,2014-04-07T11:47:59.94Z,FUV,0,0
2014,4983200,2014-04-07T11:48:05.36Z,FUV,0,0
2014,4983203,2014-04-07T11:48:10.93Z,FUV,0,0
2014,4983206,2014-04-07T11:48:16.69Z,FUV,0,0
2014,4983209,2014-04-07T11:48:22.18Z,FUV,0,0
2014,4983212,2014-04-07T11:48:27.81Z,FUV,0,0
2014,4983215,2014-04-07T11:48:33.47Z,FUV,0,0
2014,4983218,2014-04-07T11:48:38.91Z,FUV,0,0
2014,4983221,2014-04-07T11:48:44.52Z,FUV,0,0
2014,4983224,2014-04-07T11:48:50.25Z,FUV,0,0
2014,4983227,2014-04-07T11:48:55.78Z,FUV,0,0
2014,4983230,2014-04-07T11:49:01.38Z,FUV,0,0
2014,4983233,2014-04-07T11:49:07.03Z,FUV,0,0
2014,4983236,2014-04-07T11:49:12.46Z,FUV,0,0
2014,4983239,2014-04-07T11:49:18.06Z,FUV,0,0
2014,4983242,2014-04-07T11:49:23.78Z,FUV,0,0
2014,4983245,2014-04-07T11:49:29.27Z,FUV,0,1
2014,4983248,2014-04-07T11:49:34.88Z,FUV,0,0
2014,4983251,2014-04-07T11:49:40.56Z,FUV,0,0
2014,4983254,2014-04-07T11:49:46.05Z,FUV,0,0
2014,4983257,2014-04-07T11:49:51.62Z,FUV,0,0
2014,4983260,2014-04-07T11:49:57.35Z,FUV,0,1
2014,4983263,2014-04-07T11:50:02.80Z,FUV,0,0
2014,4983266,2014-04-07T11:50:08.46Z,FUV,0,0
2014,4983269,2014-04-07T11:50:14.13Z,FUV,0,0
2014,4983272,2014-04-07T11:50:19.57Z,FUV,0,0
2014,4983275,2014-04-07T11:50:25.15Z,FUV,0,0
2014,4983278,2014-04-07T11:50:30.88Z,FUV,0,0
2014,4983281,2014-04-07T11:50:36.34Z,FUV,0,0
2014,4983284,2014-04-07T11:50:41.95Z,FUV,0,0
2014,4983287,2014-04-07T11:50:47.66Z,FUV,0,1
2014,4983290,2014-04-07T11:50:53.07Z,FUV,0,0
2014,4983293,2014-04-07T11:50:58.71Z,FUV,0,0
2014,4983296,2014-04-07T11:51:04.44Z,FUV,0,0
2014,4983299,2014-04-07T11:51:09.94Z,FUV,0,0
2014,4983302,2014-04-07T11:51:15.51Z,FUV,0,0
2014,4983305,2014-04-07T11:51:21.22Z,FUV,0,0
2014,4983308,2014-04-07T11:51:26.65Z,FUV,0,0
2014,4983311,2014-04-07T11:51:32.24Z,FUV,0,0
2014,4983314,2014-04-07T11:51:37.97Z,FUV,0,0
2014,4983317,2014-04-07T11:51:43.41Z,FUV,0,0
2014,4983320,2014-04-07T11:51:48.99Z,FUV,0,0
2014,4983323,2014-04-07T11:51:54.75Z,FUV,0,0
2014,4983326,2014-04-07T11:52:00.21Z,FUV,0,0
2014,4983329,2014-04-07T11:52:05.79Z,FUV,0,0
2014,4983332,2014-04-07T11:52:11.53Z,FUV,0,0
2014,4983335,2014-04-07T11:52:17.02Z,FUV,0,0
2014,4983338,2014-04-07T11:52:22.67Z,FUV,0,0
2014,4983341,2014-04-07T11:52:28.31Z,FUV,0,0
2014,4983344,2014-04-07T11:52:33.73Z,FUV,0,0
2014,4983347,2014-04-07T11:52:39.34Z,FUV,0,0
2014,4983350,2014-04-07T11:52:45.06Z,FUV,0,0
2014,4983353,2014-04-07T11:52:50.56Z,FUV,0,0
2014,4983356,2014-04-07T11:52:56.21Z,FUV,0,0
2014,4983359,2014-04-07T11:53:01.85Z,FUV,0,0
2014,4983362,2014-04-07T11:53:07.26Z,FUV,0,0
2014,4983365,2014-04-07T11:53:12.88Z,FUV,0,0
2014,4983368,2014-04-07T11:53:18.63Z,FUV,0,0
2014,4983371,2014-04-07T11:53:24.16Z,FUV,0,0
2014,4983374,2014-04-07T11:53:29.75Z,FUV,0,0
2014,4983377,2014-04-07T11:53:35.41Z,FUV,0,0
2014,4983380,2014-04-07T11:53:40.84Z,FUV,0,0
2014,4983383,2014-04-07T11:53:46.48Z,FUV,0,0
2014,4983386,2014-04-07T11:53:52.16Z,FUV,0,0
2014,4983389,2014-04-07T11:53:57.60Z,FUV,0,0
2014,4983392,2014-04-07T11:54:03.24Z,FUV,0,0
2014,4983395,2014-04-07T11:54:08.94Z,FUV,0,0
2014,4983398,2014-04-07T11:54:14.42Z,FUV,0,0
2014,4983401,2014-04-07T11:54:19.98Z,FUV,0,0
2014,4983404,2014-04-07T11:54:25.72Z,FUV,0,0
2014,4983407,2014-04-07T11:54:31.20Z,FUV,0,0
2014,4983410,2014-04-07T11:54:36.84Z,FUV,0,0
2014,4983413,2014-04-07T11:54:42.50Z,FUV,0,0
2014,4983416,2014-04-07T11:54:47.93Z,FUV,0,0
2014,4983419,2014-04-07T11:54:53.52Z,FUV,0,0
2014,4983422,2014-04-07T11:54:59.25Z,FUV,0,0
2014,4983425,2014-04-07T11:55:04.72Z,FUV,0,0
2014,4983428,2014-04-07T11:55:10.36Z,FUV,0,0
2014,4983431,2014-04-07T11:55:16.03Z,FUV,0,0
2014,4983434,2014-04-07T11:55:21.46Z,FUV,0,0
2014,4983437,2014-04-07T11:55:27.06Z,FUV,0,0
2014,4983440,2014-04-07T11:55:32.81Z,FUV,0,0
2014,4983443,2014-04-07T11:55:38.27Z,FUV,0,0
2014,4983446,2014-04-07T11:55:43.87Z,FUV,0,0
2014,4983449,2014-04-07T11:55:49.59Z,FUV,0,0
2014,4983452,2014-04-07T11:55:55.02Z,FUV,0,0
2014,4983455,2014-04-07T11:56:00.63Z,FUV,0,0
2014,4983458,2014-04-07T11:56:06.35Z,FUV,0,0
2014,4983461,2014-04-07T11:56:11.78Z,FUV,0,0
2014,4983464,2014-04-07T11:56:17.38Z,FUV,0,0
2014,4983467,2014-04-07T11:56:23.13Z,FUV,0,0
2014,4983470,2014-04-07T11:56:28.59Z,FUV,0,0
2014,4983473,2014-04-07T11:56:34.15Z,FUV,0,0
2014,4983476,2014-04-07T11:56:39.91Z,FUV,0,0
2014,4983479,2014-04-07T11:56:45.36Z,FUV,0,0
2014,4983482,2014-04-07T11:56:51.01Z,FUV,0,0
2014,4983485,2014-04-07T11:56:56.69Z,FUV,0,0
2014,4983488,2014-04-07T11:57:02.12Z,FUV,0,0
2014,4983491,2014-04-07T11:57:07.68Z,FUV,0,0
2014,4983494,2014-04-07T11:57:13.44Z,FUV,0,0
2014,4983497,2014-04-07T11:57:18.93Z,FUV,0,0
2014,4983500,2014-04-07T11:57:24.58Z,FUV,0,0
2014,4983503,2014-04-07T11:57:30.22Z,FUV,0,0
2014,4983506,2014-04-07T11:57:35.67Z,FUV,0,0
2014,4983509,2014-04-07T11:57:41.27Z,FUV,0,1
2014,4983512,2014-04-07T11:57:47.00Z,FUV,0,0
2014,4983515,2014-04-07T11:57:52.50Z,FUV,0,0
2014,4983518,2014-04-07T11:57:58.10Z,FUV,0,1
2014,4983521,2014-04-07T11:58:03.78Z,FUV,0,0
2014,4983524,2014-04-07T11:58:09.21Z,FUV,0,0
2014,4983527,2014-04-07T11:58:14.82Z,FUV,0,0
2014,4983530,2014-04-07T11:58:20.53Z,FUV,0,0
2014,4983533,2014-04-07T11:58:26.00Z,FUV,0,0
2014,4983536,2014-04-07T11:58:31.63Z,FUV,0,0
2014,4983539,2014-04-07T11:58:37.31Z,FUV,0,0
2014,4983542,2014-04-07T11:58:42.76Z,FUV,0,0
2014,4983545,2014-04-07T11:58:48.35Z,FUV,0,0
2014,4983548,2014-04-07T11:58:54.10Z,FUV,0,0
2014,4983551,2014-04-07T11:58:59.56Z,FUV,0,0
2014,4983554,2014-04-07T11:59:05.16Z,FUV,0,0
2014,4983557,2014-04-07T11:59:10.88Z,FUV,0,0
2014,4983560,2014-04-07T11:59:16.28Z,FUV,0,0
2014,4983563,2014-04-07T11:59:21.84Z,FUV,0,0
2014,4983566,2014-04-07T11:59:27.63Z,FUV,0,0
2014,4983569,2014-04-07T11:59:33.13Z,FUV,0,0
2014,4983572,2014-04-07T11:59:38.74Z,FUV,0,0
2014,4983575,2014-04-07T11:59:44.41Z,FUV,0,0
2014,4983578,2014-04-07T11:59:49.84Z,FUV,0,0
2014,4983581,2014-04-07T11:59:55.49Z,FUV,0,0
2014,4983584,2014-04-07T12:00:01.19Z,FUV,0,0
2014,4983587,2014-04-07T12:00:06.68Z,FUV,0,0
2014,4983590,2014-04-07T12:00:12.27Z,FUV,0,0
2014,4983593,2014-04-07T12:00:17.97Z,FUV,0,0
2014,4983596,2014-04-07T12:00:23.40Z,FUV,0,0
2014,4983599,2014-04-07T12:00:29.02Z,FUV,0,0
2014,4983602,2014-04-07T12:00:34.72Z,FUV,0,0
2014,4983605,2014-04-07T12:00:40.18Z,FUV,0,0
2014,4983608,2014-04-07T12:00:45.81Z,FUV,0,0
2014,4983611,2014-04-07T12:00:51.50Z,FUV,0,0
2014,4983614,2014-04-07T12:00:56.96Z,FUV,0,0
2014,4983617,2014-04-07T12:01:02.52Z,FUV,0,0
2014,4983620,2014-04-07T12:01:08.28Z,FUV,0,0
2014,4983623,2014-04-07T12:01:13.78Z,FUV,0,0
2014,4983626,2014-04-07T12:01:19.48Z,FUV,0,0
2014,4983629,2014-04-07T12:01:25.06Z,FUV,0,0
2014,4983632,2014-04-07T12:01:30.51Z,FUV,0,0
2014,4983635,2014-04-07T12:01:36.09Z,FUV,0,0
2014,4983638,2014-04-07T12:01:41.81Z,FUV,0,0
2014,4983641,2014-04-07T12:01:47.29Z,FUV,0,0
2014,4983644,2014-04-07T12:01:52.93Z,FUV,0,0
2014,4983647,2014-04-07T12:01:58.59Z,FUV,0,0
2014,4983650,2014-04-07T12:02:04.03Z,FUV,0,0
2014,4983653,2014-04-07T12:02:09.67Z,FUV,0,0
2014,4983656,2014-04-07T12:02:15.38Z,FUV,0,0
2014,4983659,2014-04-07T12:02:20.87Z,FUV,0,0
2014,4983662,2014-04-07T12:02:26.46Z,FUV,0,0
2014,4983665,2014-04-07T12:02:32.16Z,FUV,0,0
2014,4983668,2014-04-07T12:02:37.60Z,FUV,0,0
2014,4983671,2014-04-07T12:02:43.19Z,FUV,0,0
2014,4983674,2014-04-07T12:02:48.91Z,FUV,0,0
2014,4983677,2014-04-07T12:02:54.38Z,FUV,0,0
2014,4983680,2014-04-07T12:03:00.02Z,FUV,0,0
2014,4983683,2014-04-07T12:03:05.69Z,FUV,0,0
2014,4983686,2014-04-07T12:03:11.14Z,FUV,0,0
2014,4983689,2014-04-07T12:03:16.74Z,FUV,0,0
2014,4983692,2014-04-07T12:03:22.47Z,FUV,0,0
2014,4983695,2014-04-07T12:03:27.99Z,FUV,0,0
2014,4983698,2014-04-07T12:03:33.63Z,FUV,0,0
2014,4983701,2014-04-07T12:03:39.25Z,FUV,0,0
2014,4983704,2014-04-07T12:03:44.70Z,FUV,0,0
2014,4983707,2014-04-07T12:03:50.28Z,FUV,0,0
2014,4983710,2014-04-07T12:03:56.03Z,FUV,0,0
2014,4983713,2014-04-07T12:04:01.52Z,FUV,0,0
2014,4983716,2014-04-07T12:04:07.13Z,FUV,0,0
2014,4983719,2014-04-07T12:04:12.78Z,FUV,0,0
2014,4983722,2014-04-07T12:04:18.21Z,FUV,0,0
2014,4983725,2014-04-07T12:04:23.84Z,FUV,0,0
2014,4983728,2014-04-07T12:04:29.56Z,FUV,0,0
2014,4983731,2014-04-07T12:04:35.10Z,FUV,0,0
2014,4983734,2014-04-07T12:04:40.71Z,FUV,0,0
2014,4983737,2014-04-07T12:04:46.35Z,FUV,0,0
2014,4983740,2014-04-07T12:04:51.80Z,FUV,0,0
2014,4983743,2014-04-07T12:04:57.40Z,FUV,0,0
2014,4983746,2014-04-07T12:05:03.10Z,FUV,0,0
2014,4983749,2014-04-07T12:05:08.56Z,FUV,0,0
2014,4983752,2014-04-07T12:05:14.18Z,FUV,0,0
2014,4983755,2014-04-07T12:05:19.88Z,FUV,0,0
2014,4983758,2014-04-07T12:05:25.35Z,FUV,0,0
2014,4983761,2014-04-07T12:05:30.91Z,FUV,0,0
2014,4983764,2014-04-07T12:05:36.66Z,FUV,0,0
2014,4983767,2014-04-07T12:05:42.14Z,FUV,0,0
2014,4983770,2014-04-07T12:05:47.81Z,FUV,0,0
2014,4983773,2014-04-07T12:05:53.44Z,FUV,0,0
2014,4983776,2014-04-07T12:05:58.87Z,FUV,0,0
2014,4983779,2014-04-07T12:06:04.46Z,FUV,0,0
2014,4983782,2014-04-07T12:06:10.19Z,FUV,0,0
2014,4983785,2014-04-07T12:06:15.70Z,FUV,0,0
2014,4983788,2014-04-07T12:06:21.35Z,FUV,0,0
2014,4983791,2014-04-07T12:06:26.97Z,FUV,0,0
2014,4983794,2014-04-07T12:06:32.45Z,FUV,0,0
2014,4983797,2014-04-07T12:06:38.06Z,FUV,0,0
2014,4983800,2014-04-07T12:06:43.75Z,FUV,0,0
2014,4983803,2014-04-07T12:06:49.22Z,FUV,0,0
2014,4983806,2014-04-07T12:06:54.81Z,FUV,0,0
2014,4983809,2014-04-07T12:07:00.53Z,FUV,0,0
2014,4983812,2014-04-07T12:07:05.98Z,FUV,0,0
2014,4983815,2014-04-07T12:07:11.57Z,FUV,0,0
2014,4983818,2014-04-07T12:07:17.28Z,FUV,0,0
2014,4983821,2014-04-07T12:07:22.73Z,FUV,0,0
2014,4983824,2014-04-07T12:07:28.31Z,FUV,0,0
2014,4983827,2014-04-07T12:07:34.06Z,FUV,0,0
2014,4983830,2014-04-07T12:07:39.52Z,FUV,0,0
2014,4983833,2014-04-07T12:07:45.08Z,FUV,0,0
2014,4983836,2014-04-07T12:07:50.84Z,FUV,0,0
2014,4983839,2014-04-07T12:07:56.35Z,FUV,0,0
2014,4983842,2014-04-07T12:08:01.99Z,FUV,0,0
2014,4983845,2014-04-07T12:08:07.63Z,FUV,0,0
2014,4983848,2014-04-07T12:08:13.06Z,FUV,0,0
2014,4983851,2014-04-07T12:08:18.65Z,FUV,0,0
2014,4983854,2014-04-07T12:08:24.41Z,FUV,0,0
2014,4983857,2014-04-07T12:08:29.89Z,FUV,0,0
2014,4983860,2014-04-07T12:08:35.53Z,FUV,0,0
2014,4983863,2014-04-07T12:08:41.16Z,FUV,0,0
2014,4983866,2014-04-07T12:08:46.59Z,FUV,0,0
2014,4983869,2014-04-07T12:08:52.21Z,FUV,0,0
2014,4983872,2014-04-07T12:08:57.94Z,FUV,0,0
2014,4983875,2014-04-07T12:09:03.42Z,FUV,0,0
2014,4983878,2014-04-07T12:09:09.01Z,FUV,0,0
2014,4983881,2014-04-07T12:09:14.72Z,FUV,0,0
2014,4983884,2014-04-07T12:09:20.15Z,FUV,0,0
2014,4983887,2014-04-07T12:09:25.74Z,FUV,0,0
2014,4983890,2014-04-07T12:09:31.47Z,FUV,0,0
2014,4983893,2014-04-07T12:09:36.96Z,FUV,0,0
2014,4983896,2014-04-07T12:09:42.57Z,FUV,0,0
2014,4983899,2014-04-07T12:09:48.25Z,FUV,0,0
2014,4983902,2014-04-07T12:09:53.70Z,FUV,0,0
2014,4983905,2014-04-07T12:09:59.30Z,FUV,0,0
2014,4983908,2014-04-07T12:10:05.03Z,FUV,0,0
2014,4983911,2014-04-07T12:10:10.50Z,FUV,0,0
2014,4983914,2014-04-07T12:10:16.13Z,FUV,0,0
2014,4983917,2014-04-07T12:10:21.81Z,FUV,0,0
2014,4983920,2014-04-07T12:10:27.22Z,FUV,0,0
2014,4983923,2014-04-07T12:10:32.87Z,FUV,0,0
2014,4983926,2014-04-07T12:10:38.56Z,FUV,0,0
2014,4983929,2014-04-07T12:10:44.09Z,FUV,0,0
2014,4983932,2014-04-07T12:10:49.71Z,FUV,0,0
2014,4983935,2014-04-07T12:10:55.34Z,FUV,0,0
2014,4983938,2014-04-07T12:11:00.78Z,FUV,0,0
2014,4983941,2014-04-07T12:11:06.42Z,FUV,0,0
2014,4983944,2014-04-07T12:11:12.13Z,FUV,0,0
2014,4983947,2014-04-07T12:11:17.66Z,FUV,0,0
2014,4983950,2014-04-07T12:11:23.27Z,FUV,0,0
2014,4983953,2014-04-07T12:11:28.91Z,FUV,0,0
2014,4983956,2014-04-07T12:11:34.37Z,FUV,0,0
2014,4983959,2014-04-07T12:11:39.97Z,FUV,0,0
2014,4983962,2014-04-07T12:11:45.66Z,FUV,0,0
2014,4983965,2014-04-07T12:11:51.11Z,FUV,0,0
2014,4983968,2014-04-07T12:11:56.76Z,FUV,0,0
2014,4983971,2014-04-07T12:12:02.44Z,FUV,0,0
2014,4983974,2014-04-07T12:12:07.88Z,FUV,0,0
2014,4983977,2014-04-07T12:12:13.49Z,FUV,0,0
2014,4983980,2014-04-07T12:12:19.22Z,FUV,0,0
2014,4983983,2014-04-07T12:12:24.71Z,FUV,0,0
2014,4983986,2014-04-07T12:12:30.32Z,FUV,0,0
2014,4983989,2014-04-07T12:12:36.00Z,FUV,0,0
2014,4983992,2014-04-07T12:12:41.42Z,FUV,0,0
2014,4983995,2014-04-07T12:12:47.06Z,FUV,0,0
2014,4983998,2014-04-07T12:12:52.75Z,FUV,0,0
2014,4984001,2014-04-07T12:12:58.24Z,FUV,0,0
2014,4984004,2014-04-07T12:13:03.87Z,FUV,0,0
2014,4984007,2014-04-07T12:13:09.53Z,FUV,0,0
2014,4984010,2014-04-07T12:13:14.99Z,FUV,0,0
2014,4984013,2014-04-07T12:13:20.62Z,FUV,0,0
2014,4984016,2014-04-07T12:13:26.31Z,FUV,0,0
2014,4984019,2014-04-07T12:13:31.81Z,FUV,0,0
2014,4984022,2014-04-07T12:13:37.42Z,FUV,0,0
2014,4984025,2014-04-07T12:13:43.09Z,FUV,0,0
2014,4984028,2014-04-07T12:13:48.54Z,FUV,0,0
2014,4984031,2014-04-07T12:13:54.17Z,FUV,0,1
2014,4984034,2014-04-07T12:13:59.84Z,FUV,0,0
2014,4984037,2014-04-07T12:14:05.31Z,FUV,0,0
2014,4984040,2014-04-07T12:14:10.92Z,FUV,0,0
2014,4984043,2014-04-07T12:14:16.63Z,FUV,0,1
2014,4984046,2014-04-07T12:14:22.09Z,FUV,0,0
2014,4984049,2014-04-07T12:14:27.67Z,FUV,0,0
2014,4984052,2014-04-07T12:14:33.41Z,FUV,0,0
2014,4984055,2014-04-07T12:14:38.87Z,FUV,0,1
2014,4984058,2014-04-07T12:14:44.51Z,FUV,0,0
2014,4984061,2014-04-07T12:14:50.19Z,FUV,0,0
2014,4984064,2014-04-07T12:14:55.60Z,FUV,0,0
2014,4984067,2014-04-07T12:15:01.24Z,FUV,0,0
2014,4984070,2014-04-07T12:15:06.94Z,FUV,0,1
2014,4984073,2014-04-07T12:15:12.45Z,FUV,0,0
2014,4984076,2014-04-07T12:15:18.05Z,FUV,0,0
2014,4984079,2014-04-07T12:15:23.72Z,FUV,0,0
2014,4984082,2014-04-07T12:15:29.13Z,FUV,0,0
2014,4984085,2014-04-07T12:15:34.74Z,FUV,0,0
2014,4984088,2014-04-07T12:15:40.50Z,FUV,0,0
2014,4984091,2014-04-07T12:15:46.02Z,FUV,0,1
2014,4984094,2014-04-07T12:15:51.61Z,FUV,0,0
2014,4984097,2014-04-07T12:15:57.28Z,FUV,0,0
2014,4984100,2014-04-07T12:16:02.71Z,FUV,0,0
2014,4984103,2014-04-07T12:16:08.31Z,FUV,0,0
2014,4984106,2014-04-07T12:16:14.03Z,FUV,0,0
2014,4984109,2014-04-07T12:16:19.50Z,FUV,0,0
2014,4984112,2014-04-07T12:16:25.10Z,FUV,0,0
2014,4984115,2014-04-07T12:16:30.81Z,FUV,0,0
2014,4984118,2014-04-07T12:16:36.26Z,FUV,0,0
2014,4984121,2014-04-07T12:16:41.82Z,FUV,0,0
2014,4984124,2014-04-07T12:16:47.59Z,FUV,0,0
2014,4984127,2014-04-07T12:16:53.09Z,FUV,0,0
2014,4984130,2014-04-07T12:16:58.76Z,FUV,0,0
2014,4984133,2014-04-07T12:17:04.38Z,FUV,0,0
2014,4984136,2014-04-07T12:17:09.80Z,FUV,0,0
2014,4984139,2014-04-07T12:17:15.37Z,FUV,0,0
2014,4984142,2014-04-07T12:17:21.13Z,FUV,0,0
2014,4984145,2014-04-07T12:17:26.62Z,FUV,0,0
2014,4984148,2014-04-07T12:17:32.25Z,FUV,0,0
2014,4984151,2014-04-07T12:17:37.91Z,FUV,0,0
2014,4984154,2014-04-07T12:17:43.33Z,FUV,0,0
2014,4984157,2014-04-07T12:17:48.96Z,FUV,0,0
2014,4984160,2014-04-07T12:17:54.69Z,FUV,0,0
2014,4984163,2014-04-07T12:18:00.18Z,FUV,0,0
2014,4984166,2014-04-07T12:18:05.77Z,FUV,0,0
2014,4984169,2014-04-07T12:18:11.47Z,FUV,0,0
2014,4984172,2014-04-07T12:18:16.91Z,FUV,0,0
2014,4984175,2014-04-07T12:18:22.49Z,FUV,0,0
2014,4984178,2014-04-07T12:18:28.22Z,FUV,0,0
2014,4984181,2014-04-07T12:18:33.69Z,FUV,0,0
2014,4984184,2014-04-07T12:18:39.30Z,FUV,0,1
2014,4984187,2014-04-07T12:18:45.00Z,FUV,0,0
2014,4984190,2014-04-07T12:18:50.48Z,FUV,0,0
2014,4984193,2014-04-07T12:18:56.05Z,FUV,0,0
2014,4984196,2014-04-07T12:19:01.78Z,FUV,0,0
2014,4984199,2014-04-07T12:19:07.23Z,FUV,0,0
2014,4984202,2014-04-07T12:19:12.88Z,FUV,0,0
2014,4984205,2014-04-07T12:19:18.56Z,FUV,0,0
2014,4984208,2014-04-07T12:19:23.98Z,FUV,0,1
2014,4984211,2014-04-07T12:19:29.58Z,FUV,0,0
2014,4984214,2014-04-07T12:19:35.31Z,FUV,0,0
2014,4984217,2014-04-07T12:19:40.81Z,FUV,0,0
2014,4984220,2014-04-07T12:19:46.43Z,FUV,0,0
2014,4984223,2014-04-07T12:19:52.09Z,FUV,0,0
2014,4984226,2014-04-07T12:19:57.52Z,FUV,0,1
2014,4984229,2014-04-07T12:20:03.14Z,FUV,0,0
2014,4984232,2014-04-07T12:20:08.88Z,FUV,0,0
2014,4984235,2014-04-07T12:20:14.40Z,FUV,0,1
2014,4984238,2014-04-07T12:20:19.99Z,FUV,0,1
2014,4984241,2014-04-07T12:20:25.66Z,FUV,0,1
2014,4984244,2014-04-07T12:20:31.09Z,FUV,0,0
2014,4984247,2014-04-07T12:20:36.72Z,FUV,0,0
2014,4984250,2014-04-07T12:20:42.41Z,FUV,0,0
2014,4984253,2014-04-07T12:20:47.85Z,FUV,0,0
2014,4984256,2014-04-07T12:20:53.49Z,FUV,0,1
2014,4984259,2014-04-07T12:20:59.19Z,FUV,0,0
2014,4984262,2014-04-07T12:21:04.66Z,FUV,0,0
2014,4984265,2014-04-07T12:21:10.21Z,FUV,0,0
2014,4984268,2014-04-07T12:21:15.97Z,FUV,0,0
2014,4984271,2014-04-07T12:21:21.41Z,FUV,0,0
2014,4984274,2014-04-07T12:21:27.08Z,FUV,0,0
2014,4984277,2014-04-07T12:21:32.75Z,FUV,0,0
2014,4984280,2014-04-07T12:21:38.20Z,FUV,0,1
2014,4984283,2014-04-07T12:21:43.77Z,FUV,0,0
2014,4984286,2014-04-07T12:21:49.50Z,FUV,0,0
2014,4984289,2014-04-07T12:21:55.01Z,FUV,0,0
2014,4984292,2014-04-07T12:22:00.67Z,FUV,0,0
2014,4984295,2014-04-07T12:22:06.28Z,FUV,0,0
2014,4984298,2014-04-07T12:22:11.69Z,FUV,0,0
2014,4984301,2014-04-07T12:22:17.31Z,FUV,0,0
2014,4984304,2014-04-07T12:22:23.06Z,FUV,0,0
2014,4984307,2014-04-07T12:22:28.53Z,FUV,0,0
2014,4984310,2014-04-07T12:22:34.11Z,FUV,0,0
2014,4984313,2014-04-07T12:22:39.84Z,FUV,0,0
2014,4984316,2014-04-07T12:22:45.27Z,FUV,0,0
2014,4984319,2014-04-07T12:22:50.86Z,FUV,0,0
2014,4984322,2014-04-07T12:22:56.63Z,FUV,0,0
2014,4984325,2014-04-07T12:23:02.09Z,FUV,0,0
2014,4984328,2014-04-07T12:23:07.70Z,FUV,0,0
2014,4984331,2014-04-07T12:23:13.38Z,FUV,0,0
2014,4984334,2014-04-07T12:23:18.85Z,FUV,0,0
2014,4984337,2014-04-07T12:23:24.41Z,FUV,0,0
2014,4984340,2014-04-07T12:23:30.16Z,FUV,0,0
2014,4984343,2014-04-07T12:23:35.65Z,FUV,0,0
2014,4984346,2014-04-07T12:23:41.31Z,FUV,0,0
2014,4984349,2014-04-07T12:23:46.94Z,FUV,0,0
2014,4984352,2014-04-07T12:23:52.38Z,FUV,0,0
2014,4984355,2014-04-07T12:23:57.96Z,FUV,0,0
2014,4984358,2014-04-07T12:24:03.69Z,FUV,0,0
2014,4984361,2014-04-07T12:24:09.19Z,FUV,0,0
2014,4984364,2014-04-07T12:24:14.81Z,FUV,0,0
2014,4984367,2014-04-07T12:24:20.47Z,FUV,0,0
2014,4984370,2014-04-07T12:24:25.89Z,FUV,0,0
2014,4984373,2014-04-07T12:24:31.52Z,FUV,0,0
2014,4984376,2014-04-07T12:24:37.25Z,FUV,0,0
2014,4984379,2014-04-07T12:24:42.78Z,FUV,0,0
2014,4984382,2014-04-07T12:24:48.38Z,FUV,0,0
2014,4984385,2014-04-07T12:24:54.03Z,FUV,0,0
2014,4984388,2014-04-07T12:24:59.46Z,FUV,0,0
2014,4984391,2014-04-07T12:25:05.07Z,FUV,0,0
2014,4984394,2014-04-07T12:25:10.78Z,FUV,0,0
2014,4984397,2014-04-07T12:25:16.24Z,FUV,0,0
2014,4984400,2014-04-07T12:25:21.87Z,FUV,0,0
2014,4984403,2014-04-07T12:25:27.56Z,FUV,0,2
2014,4984406,2014-04-07T12:25:33.02Z,FUV,0,0
2014,4984409,2014-04-07T12:25:38.59Z,FUV,0,0
2014,4984412,2014-04-07T12:25:44.34Z,FUV,0,0
2014,4984415,2014-04-07T12:25:49.82Z,FUV,0,0
2014,4984418,2014-04-07T12:25:55.48Z,FUV,0,0
2014,4984421,2014-04-07T12:26:01.13Z,FUV,0,0
2014,4984424,2014-04-07T12:26:06.55Z,FUV,0,0
2014,4984427,2014-04-07T12:26:12.20Z,FUV,0,0
2014,4984430,2014-04-07T12:26:17.88Z,FUV,0,0
2014,4984433,2014-04-07T12:26:23.40Z,FUV,0,0
2014,4984436,2014-04-07T12:26:29.02Z,FUV,0,0
2014,4984439,2014-04-07T12:26:34.66Z,FUV,0,0
2014,4984442,2014-04-07T12:26:40.09Z,FUV,0,0
2014,4984445,2014-04-07T12:26:45.72Z,FUV,0,0
2014,4984448,2014-04-07T12:26:51.44Z,FUV,0,0
2014,4984451,2014-04-07T12:26:56.93Z,FUV,0,0
2014,4984454,2014-04-07T12:27:02.52Z,FUV,0,0
2014,4984457,2014-04-07T12:27:08.22Z,FUV,0,0
2014,4984460,2014-04-07T12:27:13.67Z,FUV,0,0
2014,4984463,2014-04-07T12:27:19.24Z,FUV,0,0
2014,4984466,2014-04-07T12:27:24.97Z,FUV,0,0
2014,4984469,2014-04-07T12:27:30.44Z,FUV,0,0
2014,4984472,2014-04-07T12:27:36.05Z,FUV,0,0
2014,4984475,2014-04-07T12:27:41.75Z,FUV,0,0
2014,4984478,2014-04-07T12:27:47.20Z,FUV,0,1
2014,4984481,2014-04-07T12:27:52.77Z,FUV,0,0
2014,4984484,2014-04-07T12:27:58.53Z,FUV,0,0
2014,4984487,2014-04-07T12:28:03.99Z,FUV,0,0
2014,4984490,2014-04-07T12:28:09.66Z,FUV,0,0
2014,4984493,2014-04-07T12:28:15.31Z,FUV,0,0
2014,4984496,2014-04-07T12:28:20.75Z,FUV,0,0
2014,4984499,2014-04-07T12:28:26.31Z,FUV,0,0
2014,4984502,2014-04-07T12:28:32.06Z,FUV,0,0
2014,4984505,2014-04-07T12:28:37.55Z,FUV,0,0
2014,4984508,2014-04-07T12:28:43.21Z,FUV,0,0
2014,4984511,2014-04-07T12:28:48.84Z,FUV,0,0
2014,4984514,2014-04-07T12:28:54.27Z,FUV,0,0
2014,4984517,2014-04-07T12:28:59.89Z,FUV,0,0
2014,4984520,2014-04-07T12:29:05.63Z,FUV,0,0
2014,4984523,2014-04-07T12:29:11.09Z,FUV,0,0
2014,4984526,2014-04-07T12:29:16.68Z,FUV,0,0
2014,4984529,2014-04-07T12:29:22.41Z,FUV,0,0
2014,4984532,2014-04-07T12:29:27.83Z,FUV,0,1
2014,4984535,2014-04-07T12:29:33.42Z,FUV,0,0
2014,4984538,2014-04-07T12:29:39.16Z,FUV,0,0
2014,4984541,2014-04-07T12:29:44.63Z,FUV,0,0
2014,4984544,2014-04-07T12:29:50.22Z,FUV,0,0
2014,4984547,2014-04-07T12:29:55.94Z,FUV,0,0
2014,4984550,2014-04-07T12:30:01.41Z,FUV,0,0
2014,4984553,2014-04-07T12:30:06.96Z,FUV,0,0
2014,4984556,2014-04-07T12:30:12.72Z,FUV,0,0
2014,4984559,2014-04-07T12:30:18.18Z,FUV,0,0
2014,4984562,2014-04-07T12:30:23.83Z,FUV,0,0
2014,4984565,2014-04-07T12:30:29.50Z,FUV,0,0
2014,4984568,2014-04-07T12:30:34.92Z,FUV,0,0
2014,4984571,2014-04-07T12:30:40.52Z,FUV,0,0
2014,4984574,2014-04-07T12:30:46.25Z,FUV,0,0
2014,4984577,2014-04-07T12:30:51.75Z,FUV,0,0
2014,4984580,2014-04-07T12:30:57.35Z,FUV,0,0
2014,4984583,2014-04-07T12:31:03.03Z,FUV,0,0
2014,4984586,2014-04-07T12:31:08.46Z,FUV,0,0
2014,4984589,2014-04-07T12:31:14.09Z,FUV,0,0
2014,4984592,2014-04-07T12:31:19.81Z,FUV,0,0
2014,4984595,2014-04-07T12:31:25.31Z,FUV,0,0
2014,4984598,2014-04-07T12:31:30.92Z,FUV,0,0
2014,4984601,2014-04-07T12:31:36.59Z,FUV,0,0
2014,4984604,2014-04-07T12:31:42.06Z,FUV,0,1
2014,4984607,2014-04-07T12:31:47.67Z,FUV,0,0
2014,4984610,2014-04-07T12:31:53.38Z,FUV,0,0
2014,4984613,2014-04-07T12:31:58.84Z,FUV,0,0
2014,4984616,2014-04-07T12:32:04.43Z,FUV,0,0
2014,4984619,2014-04-07T12:32:10.13Z,FUV,0,0
2014,4984622,2014-04-07T12:32:15.60Z,FUV,0,0
2014,4984625,2014-04-07T12:32:21.16Z,FUV,0,0
2014,4984628,2014-04-07T12:32:26.91Z,FUV,0,1
2014,4984631,2014-04-07T12:32:32.37Z,FUV,0,0
2014,4984634,2014-04-07T12:32:38.00Z,FUV,0,0
2014,4984637,2014-04-07T12:32:43.69Z,FUV,0,0
2014,4984640,2014-04-07T12:32:49.10Z,FUV,0,1
2014,4984643,2014-04-07T12:32:54.70Z,FUV,0,0
2014,4984646,2014-04-07T12:33:00.44Z,FUV,0,0
2014,4984649,2014-04-07T12:33:05.93Z,FUV,0,0
2014,4984652,2014-04-07T12:33:11.52Z,FUV,0,0
2014,4984655,2014-04-07T12:33:17.22Z,FUV,0,0
2014,4984658,2014-04-07T12:33:22.66Z,FUV,0,1
2014,4984661,2014-04-07T12:33:28.28Z,FUV,0,0
2014,4984664,2014-04-07T12:33:34.00Z,FUV,0,0
2014,4984667,2014-04-07T12:33:39.53Z,FUV,0,0
2014,4984670,2014-04-07T12:33:45.13Z,FUV,0,0
2014,4984673,2014-04-07T12:33:50.78Z,FUV,0,0
2014,4984676,2014-04-07T12:33:56.23Z,FUV,0,0
2014,4984679,2014-04-07T12:34:01.84Z,FUV,0,0
2014,4984682,2014-04-07T12:34:07.53Z,FUV,0,0
2014,4984685,2014-04-07T12:34:12.99Z,FUV,0,0
2014,4984688,2014-04-07T12:34:18.59Z,FUV,0,0
2014,4984691,2014-04-07T12:34:24.31Z,FUV,0,0
2014,4984694,2014-04-07T12:34:29.78Z,FUV,0,0
2014,4984697,2014-04-07T12:34:35.34Z,FUV,0,0
2014,4984700,2014-04-07T12:34:41.09Z,FUV,0,0
2014,4984703,2014-04-07T12:34:46.59Z,FUV,0,0
2014,4984706,2014-04-07T12:34:52.24Z,FUV,0,0
2014,4984709,2014-04-07T12:34:57.88Z,FUV,0,0
2014,4984712,2014-04-07T12:35:03.28Z,FUV,0,0
2014,4984715,2014-04-07T12:35:08.90Z,FUV,0,0
2014,4984718,2014-04-07T12:35:14.63Z,FUV,0,0
2014,4984721,2014-04-07T12:35:20.16Z,FUV,0,0
2014,4984724,2014-04-07T12:35:25.78Z,FUV,0,0
2014,4984727,2014-04-07T12:35:31.41Z,FUV,0,0
2014,4984730,2014-04-07T12:35:36.85Z,FUV,0,0
2014,4984733,2014-04-07T12:35:42.52Z,FUV,0,0
2014,4984736,2014-04-07T12:35:48.19Z,FUV,0,0
2014,4984739,2014-04-07T12:35:53.67Z,FUV,0,0
2014,4984742,2014-04-07T12:35:59.26Z,FUV,0,0
2014,4984745,2014-04-07T12:36:04.97Z,FUV,0,0
2014,4984748,2014-04-07T12:36:10.40Z,FUV,0,0
2014,4984751,2014-04-07T12:36:16.01Z,FUV,0,0
2014,4984754,2014-04-07T12:36:21.72Z,FUV,0,0
2014,4984757,2014-04-07T12:36:27.22Z,FUV,0,0
2014,4984760,2014-04-07T12:36:32.81Z,FUV,0,0
2014,4984763,2014-04-07T12:36:38.50Z,FUV,0,0
2014,4984766,2014-04-07T12:36:43.96Z,FUV,0,0
2014,4984769,2014-04-07T12:36:49.52Z,FUV,0,0
2014,4984772,2014-04-07T12:36:55.28Z,FUV,0,0
2014,4984775,2014-04-07T12:37:00.74Z,FUV,0,0
2014,4984778,2014-04-07T12:37:06.38Z,FUV,0,0
2014,4984781,2014-04-07T12:37:12.06Z,FUV,0,0
2014,4984784,2014-04-07T12:37:17.49Z,FUV,0,0
2014,4984787,2014-04-07T12:37:23.09Z,FUV,0,0
2014,4984790,2014-04-07T12:37:28.81Z,FUV,0,0
2014,4984793,2014-04-07T12:37:34.32Z,FUV,0,0
2014,4984796,2014-04-07T12:37:39.97Z,FUV,0,0
2014,4984799,2014-04-07T12:37:45.59Z,FUV,0,0
2014,4984802,2014-04-07T12:37:51.02Z,FUV,0,0
2014,4984805,2014-04-07T12:37:56.63Z,FUV,0,0
2014,4984808,2014-04-07T12:38:02.38Z,FUV,0,0
2014,4984811,2014-04-07T12:38:07.86Z,FUV,0,0
2014,4984814,2014-04-07T12:38:13.46Z,FUV,0,0
2014,4984817,2014-04-07T12:38:19.16Z,FUV,0,0
2014,4984820,2014-04-07T12:38:24.61Z,FUV,0,0
2014,4984823,2014-04-07T12:38:30.24Z,FUV,0,0
2014,4984826,2014-04-07T12:38:35.91Z,FUV,0,0
2014,4984829,2014-04-07T12:38:41.34Z,FUV,0,0
2014,4984832,2014-04-07T12:38:46.96Z,FUV,0,0
2014,4984835,2014-04-07T12:38:52.69Z,FUV,0,0
2014,4984838,2014-04-07T12:38:58.14Z,FUV,0,0
2014,4984841,2014-04-07T12:39:03.71Z,FUV,0,0
2014,4984844,2014-04-07T12:39:09.47Z,FUV,0,0
2014,4984847,2014-04-07T12:39:14.91Z,FUV,0,0
2014,4984850,2014-04-07T12:39:20.56Z,FUV,0,0
2014,4984853,2014-04-07T12:39:26.25Z,FUV,0,0
2014,4984856,2014-04-07T12:39:31.67Z,FUV,0,0
2014,4984859,2014-04-07T12:39:37.24Z,FUV,0,0
2014,4984862,2014-04-07T12:39:43.03Z,FUV,0,0
2014,4984865,2014-04-07T12:39:48.54Z,FUV,0,0
2014,4984868,2014-04-07T12:39:54.16Z,FUV,0,0
2014,4984871,2014-04-07T12:39:59.78Z,FUV,0,0
2014,4984874,2014-04-07T12:40:05.21Z,FUV,0,0
2014,4984877,2014-04-07T12:40:10.78Z,FUV,0,0
2014,4984880,2014-04-07T12:40:16.56Z,FUV,0,0
2014,4984883,2014-04-07T12:40:22.00Z,FUV,0,0
2014,4984886,2014-04-07T12:40:27.59Z,FUV,0,0
2014,4984889,2014-04-07T12:40:33.34Z,FUV,0,0
2014,4984892,2014-04-07T12:40:38.79Z,FUV,0,1
2014,4984895,2014-04-07T12:40:44.36Z,FUV,0,0
2014,4984898,2014-04-07T12:40:50.09Z,FUV,0,0
2014,4984901,2014-04-07T12:40:55.54Z,FUV,0,0
2014,4984904,2014-04-07T12:41:01.14Z,FUV,0,0
2014,4984907,2014-04-07T12:41:06.88Z,FUV,0,0
2014,4984910,2014-04-07T12:41:12.34Z,FUV,0,0
2014,4984913,2014-04-07T12:41:17.93Z,FUV,0,0
2014,4984916,2014-04-07T12:41:23.66Z,FUV,0,0
2014,4984919,2014-04-07T12:41:29.13Z,FUV,0,0
2014,4984922,2014-04-07T12:41:34.81Z,FUV,0,0
2014,4984925,2014-04-07T12:41:40.44Z,FUV,0,0
2014,4984928,2014-04-07T12:41:45.87Z,FUV,0,0
2014,4984931,2014-04-07T12:41:51.46Z,FUV,0,0
2014,4984934,2014-04-07T12:41:57.19Z,FUV,0,0
2014,4984937,2014-04-07T12:42:02.72Z,FUV,0,0
2014,4984940,2014-04-07T12:42:08.34Z,FUV,0,0
2014,4984943,2014-04-07T12:42:13.97Z,FUV,0,0
2014,4984946,2014-04-07T12:42:19.41Z,FUV,0,0
2014,4984949,2014-04-07T12:42:25.06Z,FUV,0,0
2014,4984952,2014-04-07T12:42:30.75Z,FUV,0,0
2014,4984955,2014-04-07T12:42:36.24Z,FUV,0,0
2014,4984958,2014-04-07T12:42:41.83Z,FUV,0,0
2014,4984961,2014-04-07T12:42:47.53Z,FUV,0,0
2014,4984964,2014-04-07T12:42:52.96Z,FUV,0,0
2014,4984967,2014-04-07T12:42:58.56Z,FUV,0,0
2014,4984970,2014-04-07T12:43:04.28Z,FUV,0,0
2014,4984973,2014-04-07T12:43:09.77Z,FUV,0,0
2014,4984976,2014-04-07T12:43:15.38Z,FUV,0,0
2014,4984979,2014-04-07T12:43:21.06Z,FUV,0,0
2014,4984982,2014-04-07T12:43:26.51Z,FUV,0,0
2014,4984985,2014-04-07T12:43:32.08Z,FUV,0,0
2014,4984988,2014-04-07T12:43:37.85Z,FUV,0,0
2014,4984991,2014-04-07T12:43:43.34Z,FUV,0,0
2014,4984994,2014-04-07T12:43:48.96Z,FUV,0,0
2014,4984997,2014-04-07T12:43:54.63Z,FUV,0,0
2014,4985000,2014-04-07T12:44:00.06Z,FUV,0,0
2014,4985003,2014-04-07T12:44:05.65Z,FUV,0,0
2014,4985006,2014-04-07T12:44:11.41Z,FUV,0,0
2014,4985009,2014-04-07T12:44:16.92Z,FUV,0,0
2014,4985012,2014-04-07T12:44:22.57Z,FUV,0,0
2014,4985015,2014-04-07T12:44:28.16Z,FUV,0,0
2014,4985018,2014-04-07T12:44:33.60Z,FUV,0,0
2014,4985021,2014-04-07T12:44:39.24Z,FUV,0,0
2014,4985024,2014-04-07T12:44:44.94Z,FUV,0,0
2014,4985027,2014-04-07T12:44:50.39Z,FUV,0,0
2014,4985030,2014-04-07T12:44:55.99Z,FUV,0,0
2014,4985033,2014-04-07T12:45:01.72Z,FUV,0,0
2014,4985036,2014-04-07T12:45:07.15Z,FUV,0,0
2014,4985039,2014-04-07T12:45:12.74Z,FUV,0,0
2014,4985042,2014-04-07T12:45:18.47Z,FUV,0,0
2014,4985045,2014-04-07T12:45:23.94Z,FUV,0,0
2014,4985048,2014-04-07T12:45:29.56Z,FUV,0,0
2014,4985051,2014-04-07T12:45:35.25Z,FUV,0,0
2014,4985054,2014-04-07T12:45:40.71Z,FUV,0,0
2014,4985057,2014-04-07T12:45:46.27Z,FUV,0,0
2014,4985060,2014-04-07T12:45:52.03Z,FUV,0,0
2014,4985063,2014-04-07T12:45:57.52Z,FUV,0,0
2014,4985066,2014-04-07T12:46:03.18Z,FUV,0,0
2014,4985069,2014-04-07T12:46:08.81Z,FUV,0,0
2014,4985072,2014-04-07T12:46:14.25Z,FUV,0,0
2014,4985075,2014-04-07T12:46:19.81Z,FUV,0,0
2014,4985078,2014-04-07T12:46:25.56Z,FUV,0,0
2014,4985081,2014-04-07T12:46:31.08Z,FUV,0,0
2014,4985084,2014-04-07T12:46:36.71Z,FUV,0,0
2014,4985087,2014-04-07T12:46:42.34Z,FUV,0,0
2014,4985090,2014-04-07T12:46:47.77Z,FUV,0,0
2014,4985093,2014-04-07T12:46:53.40Z,FUV,0,0
2014,4985096,2014-04-07T12:46:59.13Z,FUV,0,0
2014,4985099,2014-04-07T12:47:04.63Z,FUV,0,0
2014,4985102,2014-04-07T12:47:10.22Z,FUV,0,0
2014,4985105,2014-04-07T12:47:15.91Z,FUV,0,0
2014,4985108,2014-04-07T12:47:21.38Z,FUV,0,0
2014,4985111,2014-04-07T12:47:26.97Z,FUV,0,0
2014,4985114,2014-04-07T12:47:32.66Z,FUV,0,0
2014,4985117,2014-04-07T12:47:38.12Z,FUV,0,1
2014,4985120,2014-04-07T12:47:43.73Z,FUV,0,0
2014,4985123,2014-04-07T12:47:49.44Z,FUV,0,0
2014,4985126,2014-04-07T12:47:54.88Z,FUV,0,0
2014,4985129,2014-04-07T12:48:00.46Z,FUV,0,0
2014,4985132,2014-04-07T12:48:06.22Z,FUV,0,0
2014,4985135,2014-04-07T12:48:11.67Z,FUV,0,0
2014,4985138,2014-04-07T12:48:17.30Z,FUV,0,0
2014,4985141,2014-04-07T12:48:23.00Z,FUV,0,0
2014,4985144,2014-04-07T12:48:28.45Z,FUV,0,0
2014,4985147,2014-04-07T12:48:34.08Z,FUV,0,0
2014,4985150,2014-04-07T12:48:39.75Z,FUV,0,0
2014,4985153,2014-04-07T12:48:45.21Z,FUV,0,0
2014,4985156,2014-04-07T12:48:50.77Z,FUV,0,0
2014,4985159,2014-04-07T12:48:56.53Z,FUV,0,0
2014,4985162,2014-04-07T12:49:01.98Z,FUV,0,0
2014,4985165,2014-04-07T12:49:07.63Z,FUV,0,0
2014,4985168,2014-04-07T12:49:13.31Z,FUV,0,0
2014,4985171,2014-04-07T12:49:18.74Z,FUV,0,0
2014b,4608907,2014-03-12T20:03:08.35Z,FUV,0,0
2014b,4608910,2014-03-12T20:03:24.88Z,FUV,0,0
2014b,4608913,2014-03-12T20:03:41.64Z,FUV,0,0
2014b,4608916,2014-03-12T20:03:58.16Z,FUV,0,0
2014b,4608919,2014-03-12T20:04:14.91Z,FUV,0,0
2014b,4608922,2014-03-12T20:04:31.44Z,FUV,0,0
2014b,4608925,2014-03-12T20:04:48.22Z,FUV,0,0
2014b,4608928,2014-03-12T20:05:04.72Z,FUV,0,0
2014b,4608931,2014-03-12T20:05:21.50Z,FUV,0,0
2014b,4608934,2014-03-12T20:05:38.00Z,FUV,0,0
2014b,4608937,2014-03-12T20:05:54.74Z,FUV,0,0
2014b,4608940,2014-03-12T20:06:11.28Z,FUV,0,0
2014b,4608943,2014-03-12T20:06:28.04Z,FUV,0,0
2014b,4608946,2014-03-12T20:06:44.56Z,FUV,0,0
2014b,4608949,2014-03-12T20:07:01.32Z,FUV,0,0
2014b,4608952,2014-03-12T20:07:17.85Z,FUV,0,0
2014b,4608955,2014-03-12T20:07:34.60Z,FUV,0,0
2014b,4608958,2014-03-12T20:07:51.13Z,FUV,0,0
2014b,4608961,2014-03-12T20:08:07.88Z,FUV,0,0
2014b,4608964,2014-03-12T20:08:24.41Z,FUV,0,0
2014b,4608967,2014-03-12T20:08:41.16Z,FUV,0,0
2014b,4608970,2014-03-12T20:08:57.69Z,FUV,0,0
2014b,4608973,2014-03-12T20:09:14.44Z,FUV,0,0
2014b,4608976,2014-03-12T20:09:30.97Z,FUV,0,0
2014b,4608979,2014-03-12T20:09:47.73Z,FUV,0,0
2014b,4608982,2014-03-12T20:10:04.25Z,FUV,0,0
2014b,4608985,2014-03-12T20:10:21.00Z,FUV,0,0
2014b,4608988,2014-03-12T20:10:37.53Z,FUV,0,0
2014b,4608991,2014-03-12T20:10:54.30Z,FUV,0,0
2014b,4608994,2014-03-12T20:11:10.81Z,FUV,0,0
2014b,4608997,2014-03-12T20:11:27.57Z,FUV,0,0
2014b,4609000,2014-03-12T20:11:44.11Z,FUV,0,0
2014b,4609003,2014-03-12T20:12:00.86Z,FUV,0,0
2014b,4609006,2014-03-12T20:12:17.38Z,FUV,0,0
2014b,4609009,2014-03-12T20:12:34.13Z,FUV,0,0
2014b,4609012,2014-03-12T20:12:50.66Z,FUV,0,0
2014b,4609015,2014-03-12T20:13:07.41Z,FUV,0,0
2014b,4609018,2014-03-12T20:13:23.94Z,FUV,0,0
2014b,4609021,2014-03-12T20:13:40.70Z,FUV,0,0
2014b,4609024,2014-03-12T20:13:57.22Z,FUV,0,0
2014b,4609027,2014-03-12T20:14:13.98Z,FUV,0,0
2014b,4609030,2014-03-12T20:14:30.50Z,FUV,0,0
2014b,4609033,2014-03-12T20:14:47.26Z,FUV,0,0
2014b,4609036,2014-03-12T20:15:03.78Z,FUV,0,0
2014b,4609039,2014-03-12T20:15:20.57Z,FUV,0,0
2014b,4609042,2014-03-12T20:15:37.06Z,FUV,0,0
2014b,4609045,2014-03-12T20:15:53.81Z,FUV,0,0
2014b,4609048,2014-03-12T20:16:10.35Z,FUV,0,0
2014b,4609051,2014-03-12T20:16:27.10Z,FUV,0,0
2014b,4609054,2014-03-12T20:16:43.63Z,FUV,0,0
2014b,4609057,2014-03-12T20:17:00.38Z,FUV,0,0
2014b,4609060,2014-03-12T20:17:16.91Z,FUV,0,0
2014b,4609063,2014-03-12T20:17:33.66Z,FUV,0,0
2014b,4609066,2014-03-12T20:17:50.19Z,FUV,0,0
2014b,4609069,2014-03-12T20:18:06.94Z,FUV,0,0
2014b,4609072,2014-03-12T20:18:23.47Z,FUV,0,0
2014b,4609075,2014-03-12T20:18:40.22Z,FUV,0,0
2014b,4609078,2014-03-12T20:18:56.75Z,FUV,0,0
2014b,4609081,2014-03-12T20:19:13.50Z,FUV,0,0
2014b,4609084,2014-03-12T20:19:30.03Z,FUV,0,0
2014b,4609087,2014-03-12T20:19:46.79Z,FUV,0,0
2014b,4609090,2014-03-12T20:20:03.31Z,FUV,0,0
2014b,4609093,2014-03-12T20:20:20.09Z,FUV,0,0
2014b,4609096,2014-03-12T20:20:36.60Z,FUV,0,0
2014b,4609099,2014-03-12T20:20:53.21Z,FUV,0,0
2014b,4609102,2014-03-12T20:21:09.72Z,FUV,0,0
2014b,4609105,2014-03-12T20:21:26.47Z,FUV,0,0
2014b,4609108,2014-03-12T20:21:43.00Z,FUV,0,0
2014b,4609111,2014-03-12T20:21:59.78Z,FUV,0,0
2014b,4609114,2014-03-12T20:22:16.28Z,FUV,0,0
2014b,4609117,2014-03-12T20:22:33.06Z,FUV,0,0
2014b,4609120,2014-03-12T20:22:49.56Z,FUV,0,0
2014b,4609123,2014-03-12T20:23:06.32Z,FUV,0,0
2014b,4609126,2014-03-12T20:23:22.85Z,FUV,0,0
2014b,4609129,2014-03-12T20:23:39.62Z,FUV,0,0
2014b,4609132,2014-03-12T20:23:56.13Z,FUV,0,0
2014b,4609135,2014-03-12T20:24:12.88Z,FUV,0,0
2014b,4609138,2014-03-12T20:24:29.41Z,FUV,0,0
2014b,4609141,2014-03-12T20:24:46.16Z,FUV,0,0
2014b,4609144,2014-03-12T20:25:02.69Z,FUV,0,0
2014b,4609147,2014-03-12T20:25:19.46Z,FUV,0,0
2014b,4609150,2014-03-12T20:25:35.97Z,FUV,0,0
2014b,4609153,2014-03-12T20:25:52.73Z,FUV,0,0
2014b,4609156,2014-03-12T20:26:09.25Z,FUV,0,0
2014b,4609159,2014-03-12T20:26:26.02Z,FUV,0,0
2014b,4609162,2014-03-12T20:26:42.53Z,FUV,0,0
2014b,4609165,2014-03-12T20:26:59.28Z,FUV,0,0
2014b,4609168,2014-03-12T20:27:15.81Z,FUV,0,0
2014b,4609171,2014-03-12T20:27:32.57Z,FUV,0,0
2014b,4609174,2014-03-12T20:27:49.10Z,FUV,0,0
2014b,4609177,2014-03-12T20:28:05.85Z,FUV,0,0
2014b,4609180,2014-03-12T20:28:22.38Z,FUV,0,0
2014b,4609183,2014-03-12T20:28:39.13Z,FUV,0,0
2014b,4609186,2014-03-12T20:28:55.66Z,FUV,0,0
2014b,4609189,2014-03-12T20:29:12.45Z,FUV,0,0
2014b,4609192,2014-03-12T20:29:28.94Z,FUV,0,0
2014b,4609195,2014-03-12T20:29:45.71Z,FUV,0,0
2014b,4609198,2014-03-12T20:30:02.22Z,FUV,0,0
2014b,4609201,2014-03-12T20:30:18.97Z,FUV,0,0
2014b,4609204,2014-03-12T20:30:35.50Z,FUV,0,0
2014b,4609207,2014-03-12T20:30:52.28Z,FUV,0,0
2014b,4609210,2014-03-12T20:31:08.78Z,FUV,0,0
2014b,4609213,2014-03-12T20:31:25.56Z,FUV,0,0
2014b,4609216,2014-03-12T20:31:42.06Z,FUV,0,0
2014b,4609219,2014-03-12T20:31:58.85Z,FUV,0,0
2014b,4609222,2014-03-12T20:32:15.35Z,FUV,0,0
2014b,4609225,2014-03-12T20:32:32.09Z,FUV,0,0
2014b,4609228,2014-03-12T20:32:48.63Z,FUV,0,0
2014b,4609231,2014-03-12T20:33:05.38Z,FUV,0,0
2014b,4609234,2014-03-12T20:33:21.91Z,FUV,0,0
2014b,4609237,2014-03-12T20:33:38.67Z,FUV,0,0
2014b,4609240,2014-03-12T20:33:55.19Z,FUV,0,0
2014b,4609243,2014-03-12T20:34:11.95Z,FUV,0,0
2014b,4609246,2014-03-12T20:34:28.47Z,FUV,0,0
2014b,4609249,2014-03-12T20:34:45.21Z,FUV,0,0
2014b,4609252,2014-03-12T20:35:01.75Z,FUV,0,0
2014b,4609255,2014-03-12T20:35:18.53Z,FUV,0,0
2014b,4609258,2014-03-12T20:35:35.03Z,FUV,0,0
2014b,4609261,2014-03-12T20:35:51.80Z,FUV,0,0
2014b,4609264,2014-03-12T20:36:08.31Z,FUV,0,0
2014b,4609267,2014-03-12T20:36:25.08Z,FUV,0,0
2014b,4609270,2014-03-12T20:36:41.60Z,FUV,0,0
2014b,4609273,2014-03-12T20:36:58.37Z,FUV,0,0
2014b,4609276,2014-03-12T20:37:14.88Z,FUV,0,0
2014b,4609279,2014-03-12T20:37:31.65Z,FUV,0,0
2014b,4609282,2014-03-12T20:37:48.16Z,FUV,0,0
2014b,4609285,2014-03-12T20:38:04.95Z,FUV,0,0
2014b,4609288,2014-03-12T20:38:21.44Z,FUV,0,0
2014b,4609291,2014-03-12T20:38:38.06Z,FUV,0,0
2014b,4609294,2014-03-12T20:38:54.56Z,FUV,0,0
2014b,4609297,2014-03-12T20:39:11.31Z,FUV,0,0
2014b,4609300,2014-03-12T20:39:27.85Z,FUV,0,0
2014b,4609303,2014-03-12T20:39:44.60Z,FUV,0,0
2014b,4609306,2014-03-12T20:40:01.13Z,FUV,0,0
2014b,4609309,2014-03-12T20:40:17.93Z,FUV,0,0
2014b,4609312,2014-03-12T20:40:34.41Z,FUV,0,0
2014b,4609315,2014-03-12T20:40:51.17Z,FUV,0,0
2014b,4609318,2014-03-12T20:41:07.69Z,FUV,0,0
2014b,4609321,2014-03-12T20:41:24.44Z,FUV,0,0
2014b,4609324,2014-03-12T20:41:40.97Z,FUV,0,0
2014b,4609327,2014-03-12T20:41:57.73Z,FUV,0,0
2014b,4609330,2014-03-12T20:42:14.25Z,FUV,0,0
2014b,4609333,2014-03-12T20:42:31.04Z,FUV,0,0
2014b,4609336,2014-03-12T20:42:47.53Z,FUV,0,0
2014b,4609339,2014-03-12T20:43:04.31Z,FUV,0,0
2014b,4609342,2014-03-12T20:43:20.81Z,FUV,0,0
2014b,4609345,2014-03-12T20:43:37.57Z,FUV,0,0
2014b,4609348,2014-03-12T20:43:54.10Z,FUV,0,0
2014b,4609351,2014-03-12T20:44:10.85Z,FUV,0,0
2014b,4609354,2014-03-12T20:44:27.38Z,FUV,0,0
2014b,4609357,2014-03-12T20:44:44.15Z,FUV,0,0
2014b,4609360,2014-03-12T20:45:00.66Z,FUV,0,0
2014b,4609363,2014-03-12T20:45:17.45Z,FUV,0,0
2014b,4609366,2014-03-12T20:45:33.94Z,FUV,0,0
2014b,4609369,2014-03-12T20:45:50.73Z,FUV,0,0
2014b,4609372,2014-03-12T20:46:07.22Z,FUV,0,0
2014b,4609375,2014-03-12T20:46:23.97Z,FUV,0,0
2014b,4609378,2014-03-12T20:46:40.50Z,FUV,0,0
2014b,4609381,2014-03-12T20:46:57.27Z,FUV,0,0
2014b,4609384,2014-03-12T20:47:13.78Z,FUV,0,0
2014b,4609387,2014-03-12T20:47:30.53Z,FUV,0,0
2014b,4609390,2014-03-12T20:47:47.06Z,FUV,0,0
2014b,4609393,2014-03-12T20:48:03.83Z,FUV,0,0
2014b,4609396,2014-03-12T20:48:20.35Z,FUV,0,0
2014b,4609399,2014-03-12T20:48:37.12Z,FUV,0,0
2014b,4609402,2014-03-12T20:48:53.63Z,FUV,0,0
2014b,4609405,2014-03-12T20:49:10.40Z,FUV,0,0
2014b,4609408,2014-03-12T20:49:26.91Z,FUV,0,0
2014b,4609411,2014-03-12T20:49:43.66Z,FUV,0,0
2014b,4609414,2014-03-12T20:50:00.19Z,FUV,0,0
2014b,4609417,2014-03-12T20:50:16.96Z,FUV,0,0
2014b,4609420,2014-03-12T20:50:33.47Z,FUV,0,0
2014b,4609423,2014-03-12T20:50:50.23Z,FUV,0,0
2014b,4609426,2014-03-12T20:51:06.75Z,FUV,0,0
2014b,4609429,2014-03-12T20:51:23.50Z,FUV,0,0
2014b,4609432,2014-03-12T20:51:40.03Z,FUV,0,0
2014b,4609435,2014-03-12T20:51:56.81Z,FUV,0,0
2014b,4609438,2014-03-12T20:52:13.31Z,FUV,0,0
2014b,4609441,2014-03-12T20:52:30.07Z,FUV,0,0
2014b,4609444,2014-03-12T20:52:46.60Z,FUV,0,0
2014b,4609447,2014-03-12T20:53:03.35Z,FUV,0,0
2014b,4609450,2014-03-12T20:53:19.88Z,FUV,0,0
2014b,4609453,2014-03-12T20:53:36.63Z,FUV,0,0
2014b,4609456,2014-03-12T20:53:53.16Z,FUV,0,0
2014b,4609459,2014-03-12T20:54:09.91Z,FUV,0,0
2014b,4609462,2014-03-12T20:54:26.44Z,FUV,0,0
2014b,4609465,2014-03-12T20:54:43.22Z,FUV,0,0
2014b,4609468,2014-03-12T20:54:59.72Z,FUV,0,0
2014b,4609471,2014-03-12T20:55:16.48Z,FUV,0,0
2014b,4609474,2014-03-12T20:55:33.00Z,FUV,0,0
2014b,4609477,2014-03-12T20:55:49.77Z,FUV,0,0
2014b,4609480,2014-03-12T20:56:06.28Z,FUV,0,0
2014b,4609483,2014-03-12T20:56:22.88Z,FUV,0,0
2014b,4609486,2014-03-12T20:56:39.41Z,FUV,0,0
2014b,4609489,2014-03-12T20:56:56.17Z,FUV,0,0
2014b,4609492,2014-03-12T20:57:12.69Z,FUV,0,0
2014b,4609495,2014-03-12T20:57:29.45Z,FUV,0,0
2014b,4609498,2014-03-12T20:57:45.97Z,FUV,0,0
2014b,4609501,2014-03-12T20:58:02.73Z,FUV,0,0
2014b,4609504,2014-03-12T20:58:19.25Z,FUV,0,0
2014b,4609507,2014-03-12T20:58:36.00Z,FUV,0,0
2014b,4609510,2014-03-12T20:58:52.53Z,FUV,0,0
2014b,4609513,2014-03-12T20:59:09.31Z,FUV,0,0
2014b,4609531,2014-03-12T21:00:49.13Z,FUV,0,0
2014b,4609534,2014-03-12T21:01:05.66Z,FUV,0,0
2014b,4609537,2014-03-12T21:01:22.41Z,FUV,0,0
2014b,4609540,2014-03-12T21:01:38.94Z,FUV,0,0
2014b,4609543,2014-03-12T21:01:55.71Z,FUV,0,0
2014b,4609546,2014-03-12T21:02:12.22Z,FUV,0,0
2014b,4609549,2014-03-12T21:02:28.99Z,FUV,0,0
2014b,4609552,2014-03-12T21:02:45.50Z,FUV,0,0
2014b,4609555,2014-03-12T21:03:02.26Z,FUV,0,0
2014b,4609558,2014-03-12T21:03:18.78Z,FUV,0,0
2014b,4609561,2014-03-12T21:03:35.54Z,FUV,0,0
2014b,4609564,2014-03-12T21:03:52.06Z,FUV,0,0
2014b,4609567,2014-03-12T21:04:08.85Z,FUV,0,0
2014b,4609570,2014-03-12T21:04:25.35Z,FUV,0,0
2014b,4609573,2014-03-12T21:04:42.12Z,FUV,0,0
2014b,4609576,2014-03-12T21:04:58.63Z,FUV,0,0
2014b,4609579,2014-03-12T21:05:15.38Z,FUV,0,0
2014b,4609582,2014-03-12T21:05:31.91Z,FUV,0,0
2014b,4609585,2014-03-12T21:05:48.66Z,FUV,0,0
2014b,4609588,2014-03-12T21:06:05.19Z,FUV,0,0
2014b,4609591,2014-03-12T21:06:21.96Z,FUV,0,0
2014b,4609594,2014-03-12T21:06:38.47Z,FUV,0,0
2014b,4609597,2014-03-12T21:06:55.24Z,FUV,0,0
2014b,4609600,2014-03-12T21:07:11.75Z,FUV,0,0
2014b,4609603,2014-03-12T21:07:28.50Z,FUV,0,0
2014b,4609606,2014-03-12T21:07:45.03Z,FUV,0,0
2014b,4609609,2014-03-12T21:08:01.78Z,FUV,0,0
2014b,4609612,2014-03-12T21:08:18.31Z,FUV,0,0
2014b,4609615,2014-03-12T21:08:35.09Z,FUV,0,0
2014b,4609618,2014-03-12T21:08:51.60Z,FUV,0,0
2014b,4609621,2014-03-12T21:09:08.37Z,FUV,0,0
2014b,4609624,2014-03-12T21:09:24.88Z,FUV,0,0
2014b,4609627,2014-03-12T21:09:41.65Z,FUV,0,0
2014b,4609630,2014-03-12T21:09:58.16Z,FUV,0,0
2014b,4609633,2014-03-12T21:10:14.91Z,FUV,0,0
2014b,4609636,2014-03-12T21:10:31.44Z,FUV,0,0
2014b,4609639,2014-03-12T21:10:48.20Z,FUV,0,0
2014b,4609642,2014-03-12T21:11:04.72Z,FUV,0,0
2014b,4609645,2014-03-12T21:11:21.49Z,FUV,0,0
2014b,4609648,2014-03-12T21:11:38.00Z,FUV,0,0
2014b,4609651,2014-03-12T21:11:54.79Z,FUV,0,0
2014b,4609654,2014-03-12T21:12:11.28Z,FUV,0,0
2014b,4609657,2014-03-12T21:12:28.06Z,FUV,0,0
2014b,4609660,2014-03-12T21:12:44.56Z,FUV,0,0
2014b,4609663,2014-03-12T21:13:01.32Z,FUV,0,0
2014b,4609666,2014-03-12T21:13:17.85Z,FUV,0,0
2014b,4609669,2014-03-12T21:13:34.60Z,FUV,0,0
2014b,4609672,2014-03-12T21:13:51.13Z,FUV,0,0
2014b,4609675,2014-03-12T21:14:07.77Z,FUV,0,0
2014b,4609678,2014-03-12T21:14:24.25Z,FUV,0,0
2014b,4609681,2014-03-12T21:14:41.03Z,FUV,0,0
2014b,4609684,2014-03-12T21:14:57.53Z,FUV,0,0
2014b,4609687,2014-03-12T21:15:14.28Z,FUV,0,0
2014b,4609690,2014-03-12T21:15:30.81Z,FUV,0,0
2014b,4609693,2014-03-12T21:15:47.56Z,FUV,0,0
2014b,4609696,2014-03-12T21:16:04.10Z,FUV,0,0
2014b,4609699,2014-03-12T21:16:20.85Z,FUV,0,0
2014b,4609702,2014-03-12T21:16:37.38Z,FUV,0,0
2014b,4609705,2014-03-12T21:16:54.17Z,FUV,0,0
2014b,4609708,2014-03-12T21:17:10.66Z,FUV,0,0
2014b,4609711,2014-03-12T21:17:27.42Z,FUV,0,0
2014b,4609714,2014-03-12T21:17:43.95Z,FUV,0,0
2014b,4609717,2014-03-12T21:18:00.69Z,FUV,0,0
2014b,4609720,2014-03-12T21:18:17.22Z,FUV,0,0
2014b,4609723,2014-03-12T21:18:33.97Z,FUV,0,0
2014b,4609726,2014-03-12T21:18:50.50Z,FUV,0,0
2014b,4609729,2014-03-12T21:19:07.27Z,FUV,1,0
2014b,4609732,2014-03-12T21:19:23.78Z,FUV,1,0
2014b,4609735,2014-03-12T21:19:40.53Z,FUV,1,0
2014b,4609738,2014-03-12T21:19:57.06Z,FUV,1,0
2014b,4609741,2014-03-12T21:20:13.81Z,FUV,1,0
2014b,4609744,2014-03-12T21:20:30.35Z,FUV,1,0
2014b,4609747,2014-03-12T21:20:47.10Z,FUV,1,0
2014b,4609750,2014-03-12T21:21:03.63Z,FUV,1,0
2014b,4609753,2014-03-12T21:21:20.39Z,FUV,1,0
2014b,4609756,2014-03-12T21:21:36.91Z,FUV,1,1
2014b,4609759,2014-03-12T21:21:53.66Z,FUV,1,1
2014b,4609762,2014-03-12T21:22:10.19Z,FUV,1,0
2014b,4609765,2014-03-12T21:22:26.96Z,FUV,1,1
2014b,4609768,2014-03-12T21:22:43.47Z,FUV,1,0
2014b,4609771,2014-03-12T21:23:00.22Z,FUV,1,0
2014b,4609774,2014-03-12T21:23:16.75Z,FUV,1,1
2014b,4609777,2014-03-12T21:23:33.53Z,FUV,1,1
2014b,4609780,2014-03-12T21:23:50.03Z,FUV,1,0
2014b,4609783,2014-03-12T21:24:06.81Z,FUV,1,0
2014b,4609786,2014-03-12T21:24:23.31Z,FUV,1,1
2014b,4609789,2014-03-12T21:24:40.06Z,FUV,1,2
2014b,4609792,2014-03-12T21:24:56.60Z,FUV,1,0
2014b,4609795,2014-03-12T21:25:13.34Z,FUV,1,3
2014b,4609798,2014-03-12T21:25:29.88Z,FUV,1,1
2014b,4609801,2014-03-12T21:25:46.63Z,FUV,1,0
2014b,4609804,2014-03-12T21:26:03.16Z,FUV,1,1
2014b,4609807,2014-03-12T21:26:19.91Z,FUV,1,4
2014b,4609810,2014-03-12T21:26:36.44Z,FUV,1,8
2014b,4609813,2014-03-12T21:26:53.21Z,FUV,1,6
2014b,4609816,2014-03-12T21:27:09.72Z,FUV,1,7
2014b,4609819,2014-03-12T21:27:26.48Z,FUV,1,6
2014b,4609822,2014-03-12T21:27:43.00Z,FUV,1,7
2014b,4609825,2014-03-12T21:27:59.79Z,FUV,1,9
2014b,4609828,2014-03-12T21:28:16.28Z,FUV,1,9
2014b,4609831,2014-03-12T21:28:33.06Z,FUV,1,14
2014b,4609834,2014-03-12T21:28:49.56Z,FUV,1,14
2014b,4609837,2014-03-12T21:29:06.32Z,FUV,1,18
2014b,4609840,2014-03-12T21:29:22.85Z,FUV,1,11
2014b,4609843,2014-03-12T21:29:39.60Z,FUV,1,14
2014b,4609846,2014-03-12T21:29:56.13Z,FUV,1,6
2014b,4609849,2014-03-12T21:30:12.88Z,FUV,1,10
2014b,4609852,2014-03-12T21:30:29.41Z,FUV,1,8
2014b,4609855,2014-03-12T21:30:46.17Z,FUV,1,16
2014b,4609858,2014-03-12T21:31:02.69Z,FUV,1,8
2014b,4609861,2014-03-12T21:31:19.44Z,FUV,1,10
2014b,4609864,2014-03-12T21:31:35.97Z,FUV,1,8
2014b,4609867,2014-03-12T21:31:52.62Z,FUV,1,8
2014b,4609870,2014-03-12T21:32:09.10Z,FUV,1,3
2014b,4609873,2014-03-12T21:32:25.85Z,FUV,1,1
2014b,4609876,2014-03-12T21:32:42.38Z,FUV,1,0
2014b,4609879,2014-03-12T21:32:59.15Z,FUV,1,1
2014b,4609882,2014-03-12T21:33:15.66Z,FUV,1,1
2014b,4609885,2014-03-12T21:33:32.42Z,FUV,1,0
2014b,4609888,2014-03-12T21:33:48.94Z,FUV,1,0
2014b,4609891,2014-03-12T21:34:05.69Z,FUV,1,0
2014b,4609894,2014-03-12T21:34:22.22Z,FUV,1,0
2014b,4609897,2014-03-12T21:34:39.00Z,FUV,1,0
2014b,4609900,2014-03-12T21:34:55.50Z,FUV,0,0
2014b,4609903,2014-03-12T21:35:12.27Z,FUV,0,0
2014b,4609906,2014-03-12T21:35:28.78Z,FUV,0,0
2014b,4609909,2014-03-12T21:35:45.55Z,FUV,0,0
2014b,4609912,2014-03-12T21:36:02.06Z,FUV,0,0
2014b,4609915,2014-03-12T21:36:18.82Z,FUV,0,0
2014b,4609918,2014-03-12T21:36:35.35Z,FUV,0,0
2014b,4609921,2014-03-12T21:36:52.10Z,FUV,0,0
2014b,4609924,2014-03-12T21:37:08.63Z,FUV,0,0
2014b,4609927,2014-03-12T21:37:25.39Z,FUV,0,0
2014b,4609930,2014-03-12T21:37:41.91Z,FUV,0,0
2014b,4609933,2014-03-12T21:37:58.68Z,FUV,0,0
2014b,4609936,2014-03-12T21:38:15.19Z,FUV,0,0
2014b,4609939,2014-03-12T21:38:31.95Z,FUV,0,0
2014b,4609942,2014-03-12T21:38:48.47Z,FUV,0,0
2014b,4609945,2014-03-12T21:39:05.22Z,FUV,0,0
2014b,4609948,2014-03-12T21:39:21.75Z,FUV,0,0
2014b,4609951,2014-03-12T21:39:38.52Z,FUV,0,0
2014b,4609954,2014-03-12T21:39:55.03Z,FUV,0,0
2014b,4609957,2014-03-12T21:40:11.78Z,FUV,0,0
2014b,4609960,2014-03-12T21:40:28.31Z,FUV,0,0
2014b,4609963,2014-03-12T21:40:45.07Z,FUV,0,0
2014b,4609966,2014-03-12T21:41:01.60Z,FUV,0,0
2014b,4609969,2014-03-12T21:41:18.35Z,FUV,0,0
2014b,4609972,2014-03-12T21:41:34.88Z,FUV,0,0
2014b,4609975,2014-03-12T21:41:51.63Z,FUV,0,0
2014b,4609978,2014-03-12T21:42:08.16Z,FUV,0,0
2014b,4609981,2014-03-12T21:42:24.94Z,FUV,0,0
2014b,4609984,2014-03-12T21:42:41.44Z,FUV,0,0
2014b,4609987,2014-03-12T21:42:58.21Z,FUV,0,0
2014b,4609990,2014-03-12T21:43:14.72Z,FUV,0,0
2014b,4609993,2014-03-12T21:43:31.47Z,FUV,0,0
2014b,4609996,2014-03-12T21:43:48.00Z,FUV,0,0
2014b,4609999,2014-03-12T21:44:04.75Z,FUV,0,0
2014b,4610002,2014-03-12T21:44:21.28Z,FUV,0,0
2014b,4610005,2014-03-12T21:44:38.04Z,FUV,0,0
2014b,4610008,2014-03-12T21:44:54.56Z,FUV,0,0
2014b,4610011,2014-03-12T21:45:11.33Z,FUV,0,0
2014b,4610014,2014-03-12T21:45:27.85Z,FUV,0,0
2014b,4610017,2014-03-12T21:45:44.62Z,FUV,0,0
2014b,4610020,2014-03-12T21:46:01.13Z,FUV,0,0
2014b,4610023,2014-03-12T21:46:17.88Z,FUV,0,0
2014b,4610026,2014-03-12T21:46:34.41Z,FUV,0,0
2014b,4610029,2014-03-12T21:46:51.17Z,FUV,0,0
2014b,4610032,2014-03-12T21:47:07.69Z,FUV,0,0
2014b,4610035,2014-03-12T21:47:24.45Z,FUV,0,0
2014b,4610038,2014-03-12T21:47:40.97Z,FUV,0,0
2014b,4610041,2014-03-12T21:47:57.74Z,FUV,0,0
2014b,4610044,2014-03-12T21:48:14.25Z,FUV,0,0
2014b,4610047,2014-03-12T21:48:31.03Z,FUV,0,0
2014b,4610050,2014-03-12T21:48:47.53Z,FUV,0,0
2014b,4610053,2014-03-12T21:49:04.29Z,FUV,0,0
2014b,4610056,2014-03-12T21:49:20.81Z,FUV,0,0
2014b,4610059,2014-03-12T21:49:37.43Z,FUV,0,0
2014b,4610062,2014-03-12T21:49:53.94Z,FUV,0,0
2014b,4610065,2014-03-12T21:50:10.69Z,FUV,0,0
2014b,4610068,2014-03-12T21:50:27.22Z,FUV,0,0
2014b,4610071,2014-03-12T21:50:43.98Z,FUV,0,0
2014b,4610074,2014-03-12T21:51:00.50Z,FUV,0,0
2014b,4610077,2014-03-12T21:51:17.28Z,FUV,0,0
2014b,4610080,2014-03-12T21:51:33.78Z,FUV,0,0
2014b,4610083,2014-03-12T21:51:50.55Z,FUV,0,0
2014b,4610086,2014-03-12T21:52:07.06Z,FUV,0,0
2014b,4610089,2014-03-12T21:52:23.82Z,FUV,0,0
2014b,4610092,2014-03-12T21:52:40.35Z,FUV,0,0
2014b,4610095,2014-03-12T21:52:57.09Z,FUV,0,0
2014b,4610098,2014-03-12T21:53:13.63Z,FUV,0,0
2014b,4610101,2014-03-12T21:53:30.40Z,FUV,0,0
2014b,4610104,2014-03-12T21:53:46.91Z,FUV,0,0
2014b,4610107,2014-03-12T21:54:03.66Z,FUV,0,0
2014b,4610110,2014-03-12T21:54:20.19Z,FUV,0,0
2014b,4610113,2014-03-12T21:54:36.94Z,FUV,0,0
2014b,4610116,2014-03-12T21:54:53.47Z,FUV,0,0
2014b,4610119,2014-03-12T21:55:10.22Z,FUV,0,0
2014b,4610122,2014-03-12T21:55:26.75Z,FUV,0,0
2014b,4610125,2014-03-12T21:55:43.52Z,FUV,0,0
2014b,4610128,2014-03-12T21:56:00.03Z,FUV,0,0
2014b,4610131,2014-03-12T21:56:16.80Z,FUV,0,0
2014b,4610134,2014-03-12T21:56:33.31Z,FUV,0,0
2014b,4610137,2014-03-12T21:56:50.06Z,FUV,0,0
2014b,4610140,2014-03-12T21:57:06.60Z,FUV,0,0
2014b,4610143,2014-03-12T21:57:23.36Z,FUV,0,0
2014b,4610146,2014-03-12T21:57:39.88Z,FUV,0,0
2014b,4610149,2014-03-12T21:57:56.66Z,FUV,0,0
2014b,4610152,2014-03-12T21:58:13.16Z,FUV,0,0
2014b,4610155,2014-03-12T21:58:29.93Z,FUV,0,0
2014b,4610158,2014-03-12T21:58:46.44Z,FUV,0,0
2014b,4610161,2014-03-12T21:59:03.20Z,FUV,0,0
2014b,4610164,2014-03-12T21:59:19.72Z,FUV,0,0
2014b,4610167,2014-03-12T21:59:36.48Z,FUV,0,0
2014b,4610170,2014-03-12T21:59:53.00Z,FUV,0,0
2014b,4610173,2014-03-12T22:00:09.77Z,FUV,0,0
2014b,4610176,2014-03-12T22:00:26.28Z,FUV,0,0
2014b,4610179,2014-03-12T22:00:43.06Z,FUV,0,0
2014b,4610182,2014-03-12T22:00:59.56Z,FUV,0,0
2014b,4610185,2014-03-12T22:01:16.32Z,FUV,0,0
2014b,4610188,2014-03-12T22:01:32.85Z,FUV,0,0
2014b,4610191,2014-03-12T22:01:49.60Z,FUV,0,0
2014b,4610194,2014-03-12T22:02:06.13Z,FUV,0,0
2014b,4610197,2014-03-12T22:02:22.89Z,FUV,0,0
2014b,4610200,2014-03-12T22:02:39.41Z,FUV,0,0
2014b,4610203,2014-03-12T22:02:56.18Z,FUV,0,0
2014b,4610206,2014-03-12T22:03:12.69Z,FUV,0,0
2014b,4610209,2014-03-12T22:03:29.44Z,FUV,0,0
2014b,4610212,2014-03-12T22:03:45.97Z,FUV,0,0
2014b,4610215,2014-03-12T22:04:02.73Z,FUV,0,0
2014b,4610218,2014-03-12T22:04:19.25Z,FUV,0,0
2014b,4610221,2014-03-12T22:04:36.00Z,FUV,0,0
2014b,4610224,2014-03-12T22:04:52.53Z,FUV,0,0
2014b,4610227,2014-03-12T22:05:09.29Z,FUV,0,0
2014b,4610230,2014-03-12T22:05:25.81Z,FUV,0,0
2014b,4610233,2014-03-12T22:05:42.60Z,FUV,0,0
2014b,4610236,2014-03-12T22:05:59.10Z,FUV,0,0
2014b,4610239,2014-03-12T22:06:15.84Z,FUV,0,0
2014b,4610242,2014-03-12T22:06:32.38Z,FUV,0,0
2014b,4610245,2014-03-12T22:06:49.15Z,FUV,0,0
2014b,4610248,2014-03-12T22:07:05.66Z,FUV,0,0
2018,38601161,2018-03-16T11:20:57.51Z,FUV,0,0
2018,38601164,2018-03-16T11:21:14.12Z,FUV,0,0
2018,38601167,2018-03-16T11:21:30.84Z,FUV,0,0
2018,38601170,2018-03-16T11:21:47.29Z,FUV,0,0
2018,38601173,2018-03-16T11:22:04.01Z,FUV,0,0
2018,38601176,2018-03-16T11:22:20.65Z,FUV,0,0
2018,38601179,2018-03-16T11:22:37.37Z,FUV,0,0
2018,38601182,2018-03-16T11:22:53.80Z,FUV,0,0
2018,38601185,2018-03-16T11:23:10.57Z,FUV,0,0
2018,38601188,2018-03-16T11:23:27.18Z,FUV,0,0
2018,38601191,2018-03-16T11:23:43.90Z,FUV,0,0
2018,38601194,2018-03-16T11:24:00.27Z,FUV,0,0
2018,38601197,2018-03-16T11:24:17.06Z,FUV,0,0
2018,38601200,2018-03-16T11:24:33.71Z,FUV,0,0
2018,38601203,2018-03-16T11:24:50.43Z,FUV,0,0
2018,38601206,2018-03-16T11:25:06.84Z,FUV,0,0
2018,38601209,2018-03-16T11:25:23.59Z,FUV,0,1
2018,38601212,2018-03-16T11:25:40.24Z,FUV,0,1
2018,38601215,2018-03-16T11:25:56.96Z,FUV,0,0
2018,38601218,2018-03-16T11:26:13.37Z,FUV,0,0
2018,38601221,2018-03-16T11:26:30.12Z,FUV,0,0
2018,38601224,2018-03-16T11:26:46.77Z,FUV,0,0
2018,38601227,2018-03-16T11:27:03.49Z,FUV,0,0
2018,38601230,2018-03-16T11:27:19.97Z,FUV,0,0
2018,38601233,2018-03-16T11:27:36.72Z,FUV,0,1
2018,38601236,2018-03-16T11:27:53.31Z,FUV,0,0
2018,38601239,2018-03-16T11:28:10.03Z,FUV,0,1
2018,38601242,2018-03-16T11:28:26.48Z,FUV,0,0
2018,38601245,2018-03-16T11:28:43.23Z,FUV,0,0
2018,38601248,2018-03-16T11:28:59.84Z,FUV,0,0
2018,38601251,2018-03-16T11:29:16.56Z,FUV,0,0
2018,38601254,2018-03-16T11:29:32.97Z,FUV,0,1
2018,38601257,2018-03-16T11:29:49.73Z,FUV,0,0
2018,38601260,2018-03-16T11:30:06.37Z,FUV,0,0
2018,38601263,2018-03-16T11:30:23.09Z,FUV,0,1
2018,38601266,2018-03-16T11:30:39.52Z,FUV,0,0
2018,38601269,2018-03-16T11:30:56.26Z,FUV,0,2
2018,38601272,2018-03-16T11:31:12.90Z,FUV,0,1
2018,38601275,2018-03-16T11:31:29.62Z,FUV,0,0
2018,38601278,2018-03-16T11:31:46.05Z,FUV,0,1
2018,38601281,2018-03-16T11:32:02.80Z,FUV,0,0
2018,38601284,2018-03-16T11:32:19.43Z,FUV,0,0
2018,38601287,2018-03-16T11:32:36.15Z,FUV,0,0
2018,38601290,2018-03-16T11:32:52.56Z,FUV,0,0
2018,38601293,2018-03-16T11:33:09.36Z,FUV,0,0
2018,38601296,2018-03-16T11:33:25.96Z,FUV,0,1
2018,38601299,2018-03-16T11:33:42.68Z,FUV,0,1
2018,38601302,2018-03-16T11:33:59.09Z,FUV,0,0
2018,38601305,2018-03-16T11:34:15.85Z,FUV,0,0
2018,38601308,2018-03-16T11:34:32.49Z,FUV,0,0
2018,38601311,2018-03-16T11:34:49.21Z,FUV,0,0
2018,38601314,2018-03-16T11:35:05.66Z,FUV,0,0
2018,38601317,2018-03-16T11:35:22.37Z,FUV,0,0
2018,38601320,2018-03-16T11:35:39.03Z,FUV,0,0
2018,38601323,2018-03-16T11:35:55.74Z,FUV,0,0
2018,38601326,2018-03-16T11:36:12.19Z,FUV,0,0
2018,38601329,2018-03-16T11:36:28.95Z,FUV,0,0
2018,38601332,2018-03-16T11:36:45.56Z,FUV,0,1
2018,38601335,2018-03-16T11:37:02.27Z,FUV,0,1
2018,38601338,2018-03-16T11:37:18.71Z,FUV,0,0
2018,38601341,2018-03-16T11:37:35.44Z,FUV,0,1
2018,38601344,2018-03-16T11:37:52.09Z,FUV,0,0
2018,38601347,2018-03-16T11:38:08.81Z,FUV,0,1
2018,38601350,2018-03-16T11:38:25.22Z,FUV,0,0
2018,38601353,2018-03-16T11:38:41.99Z,FUV,0,0
2018,38601356,2018-03-16T11:38:58.62Z,FUV,0,0
2018,38601359,2018-03-16T11:39:15.34Z,FUV,0,0
2018,38601362,2018-03-16T11:39:31.80Z,FUV,0,0
2018,38601365,2018-03-16T11:39:48.52Z,FUV,0,0
2018,38601368,2018-03-16T11:40:05.15Z,FUV,0,0
2018,38601371,2018-03-16T11:40:21.87Z,FUV,0,0
2018,38601374,2018-03-16T11:40:38.30Z,FUV,0,1
2018,38601377,2018-03-16T11:40:55.06Z,FUV,0,0
2018,38601380,2018-03-16T11:41:11.68Z,FUV,0,1
2018,38601383,2018-03-16T11:41:28.40Z,FUV,0,0
2018,38601386,2018-03-16T11:41:44.81Z,FUV,0,2
2018,38601389,2018-03-16T11:42:01.56Z,FUV,0,1
2018,38601392,2018-03-16T11:42:18.21Z,FUV,0,0
2018,38601395,2018-03-16T11:42:34.93Z,FUV,0,0
2018,38601398,2018-03-16T11:42:51.38Z,FUV,0,0
2018,38601401,2018-03-16T11:43:08.12Z,FUV,0,0
2018,38601404,2018-03-16T11:43:24.74Z,FUV,0,0
2018,38601407,2018-03-16T11:43:41.46Z,FUV,0,0
2018,38601410,2018-03-16T11:43:57.93Z,FUV,0,0
2018,38601413,2018-03-16T11:44:14.66Z,FUV,0,1
2018,38601416,2018-03-16T11:44:31.28Z,FUV,0,0
2018,38601419,2018-03-16T11:44:48.00Z,FUV,0,0
2018,38601422,2018-03-16T11:45:04.39Z,FUV,0,1
2018,38601425,2018-03-16T11:45:21.15Z,FUV,0,0
2018,38601428,2018-03-16T11:45:37.81Z,FUV,0,0
2018,38601431,2018-03-16T11:45:54.52Z,FUV,0,0
2018,38601434,2018-03-16T11:46:10.97Z,FUV,0,0
2018,38601437,2018-03-16T11:46:27.71Z,FUV,0,0
2018,38601440,2018-03-16T11:46:44.34Z,FUV,0,0
2018,38601443,2018-03-16T11:47:01.06Z,FUV,0,0
2018,38601446,2018-03-16T11:47:17.45Z,FUV,0,0
2018,38601449,2018-03-16T11:47:34.22Z,FUV,0,1
2018,38601452,2018-03-16T11:47:50.87Z,FUV,0,0
2018,38601455,2018-03-16T11:48:07.59Z,FUV,0,0
2018,38601458,2018-03-16T11:48:23.99Z,FUV,0,0
2018,38601461,2018-03-16T11:48:40.74Z,FUV,0,0
2018,38601464,2018-03-16T11:48:57.40Z,FUV,0,0
2018,38601467,2018-03-16T11:49:14.12Z,FUV,0,1
2018,38601470,2018-03-16T11:49:30.53Z,FUV,0,0
2018,38601473,2018-03-16T11:49:47.27Z,FUV,0,0
2018,38601476,2018-03-16T11:50:03.93Z,FUV,0,0
2018,38601479,2018-03-16T11:50:20.65Z,FUV,0,0
2018,38601482,2018-03-16T11:50:37.06Z,FUV,0,0
2018,38601485,2018-03-16T11:50:53.82Z,FUV,0,0
2018,38601488,2018-03-16T11:51:10.46Z,FUV,0,0
2018,38601491,2018-03-16T11:51:27.18Z,FUV,0,0
2018,38601494,2018-03-16T11:51:43.65Z,FUV,0,0
2018,38601497,2018-03-16T11:52:00.35Z,FUV,0,0
2018,38601500,2018-03-16T11:52:16.99Z,FUV,0,0
2018,38601503,2018-03-16T11:52:33.71Z,FUV,0,0
2018,38601506,2018-03-16T11:52:50.18Z,FUV,0,0
2018,38601509,2018-03-16T11:53:06.91Z,FUV,0,0
2018,38601512,2018-03-16T11:53:23.52Z,FUV,0,0
2018,38601515,2018-03-16T11:53:40.24Z,FUV,0,1
2018,38601518,2018-03-16T11:53:56.66Z,FUV,0,0
2018,38601521,2018-03-16T11:54:13.47Z,FUV,0,0
2018,38601524,2018-03-16T11:54:30.06Z,FUV,1,0
2018,38601527,2018-03-16T11:54:46.77Z,FUV,1,0
2018,38601530,2018-03-16T11:55:03.23Z,FUV,1,0
2018,38601533,2018-03-16T11:55:19.94Z,FUV,1,0
2018,38601536,2018-03-16T11:55:36.59Z,FUV,1,0
2018,38601539,2018-03-16T11:55:53.31Z,FUV,1,0
2018,38601542,2018-03-16T11:56:09.75Z,FUV,1,0
2018,38601545,2018-03-16T11:56:26.50Z,FUV,1,0
2018,38601548,2018-03-16T11:56:43.12Z,FUV,1,0
2018,38601551,2018-03-16T11:56:59.84Z,FUV,1,0
2018,38601554,2018-03-16T11:57:16.24Z,FUV,1,0
2018,38601557,2018-03-16T11:57:33.37Z,FUV,1,0
2018,38601560,2018-03-16T11:57:50.03Z,FUV,1,0
2018,38601563,2018-03-16T11:58:06.74Z,FUV,1,0
2018,38601566,2018-03-16T11:58:23.19Z,FUV,1,0
2018,38601569,2018-03-16T11:58:39.92Z,FUV,1,0
2018,38601572,2018-03-16T11:58:56.56Z,FUV,1,0
2018,38601575,2018-03-16T11:59:13.28Z,FUV,0,0
2018,38601578,2018-03-16T11:59:29.69Z,FUV,0,0
2018,38601581,2018-03-16T11:59:46.48Z,FUV,0,0
2018,38601584,2018-03-16T12:00:03.09Z,FUV,0,0
2018,38601587,2018-03-16T12:00:19.81Z,FUV,0,0
2018,38601590,2018-03-16T12:00:36.19Z,FUV,0,0
2018,38601593,2018-03-16T12:00:52.96Z,FUV,0,0
2018,38601596,2018-03-16T12:01:09.62Z,FUV,0,0
2018,38601599,2018-03-16T12:01:26.34Z,FUV,0,0
2018,38601602,2018-03-16T12:01:42.76Z,FUV,0,0
2018,38601605,2018-03-16T12:01:59.49Z,FUV,0,0
2018,38601608,2018-03-16T12:02:16.15Z,FUV,0,0
2018,38601611,2018-03-16T12:02:32.87Z,FUV,0,0
2018,38601614,2018-03-16T12:02:49.28Z,FUV,0,0
2018,38601617,2018-03-16T12:03:06.05Z,FUV,0,0
2018,38601620,2018-03-16T12:03:22.68Z,FUV,0,0
2018,38601623,2018-03-16T12:03:39.40Z,FUV,0,0
2018,38601626,2018-03-16T12:03:55.83Z,FUV,0,0
2018,38601629,2018-03-16T12:04:12.56Z,FUV,0,0
2018,38601632,2018-03-16T12:04:29.21Z,FUV,0,0
2018,38601635,2018-03-16T12:04:45.93Z,FUV,0,0
2018,38601638,2018-03-16T12:05:02.37Z,FUV,0,0
2018,38601641,2018-03-16T12:05:19.13Z,FUV,0,0
2018,38601644,2018-03-16T12:05:35.74Z,FUV,0,0
2018,38601647,2018-03-16T12:05:52.46Z,FUV,0,0
2018,38601650,2018-03-16T12:06:08.87Z,FUV,0,0
2018,38601653,2018-03-16T12:06:25.65Z,FUV,0,0
2018,38601656,2018-03-16T12:06:42.27Z,FUV,0,0
2018,38601659,2018-03-16T12:06:58.99Z,FUV,0,0
2018,38601662,2018-03-16T12:07:15.44Z,FUV,0,0
2018,38601665,2018-03-16T12:07:32.15Z,FUV,0,0
2018,38601668,2018-03-16T12:07:48.81Z,FUV,0,0
2018,38601671,2018-03-16T12:08:05.52Z,FUV,0,0
2018,38601674,2018-03-16T12:08:21.97Z,FUV,0,0
2018,38601677,2018-03-16T12:08:38.71Z,FUV,0,0
2018,38601680,2018-03-16T12:08:55.34Z,FUV,0,0
2018,38601683,2018-03-16T12:09:12.06Z,FUV,0,0
2018,38601686,2018-03-16T12:09:28.47Z,FUV,0,0
2018,38601689,2018-03-16T12:09:45.23Z,FUV,0,0
2018,38601692,2018-03-16T12:10:01.87Z,FUV,0,0
2018,38601695,2018-03-16T12:10:18.59Z,FUV,0,0
2018,38601698,2018-03-16T12:10:35.04Z,FUV,0,0
2018,38601701,2018-03-16T12:10:51.79Z,FUV,0,0
2018,38602121,2018-03-16T12:49:40.37Z,FUV,0,0
2018,38602124,2018-03-16T12:49:56.99Z,FUV,0,0
2018,38602127,2018-03-16T12:50:13.71Z,FUV,0,0
2018,38602130,2018-03-16T12:50:30.12Z,FUV,0,0
2018,38602133,2018-03-16T12:50:46.94Z,FUV,0,0
2018,38602136,2018-03-16T12:51:03.52Z,FUV,0,0
2018,38602139,2018-03-16T12:51:20.24Z,FUV,0,0
2018,38602142,2018-03-16T12:51:36.71Z,FUV,0,0
2018,38602145,2018-03-16T12:51:53.42Z,FUV,0,0
2018,38602148,2018-03-16T12:52:10.06Z,FUV,0,0
2018,38602151,2018-03-16T12:52:26.77Z,FUV,0,0
2018,38602154,2018-03-16T12:52:43.19Z,FUV,0,0
2018,38602157,2018-03-16T12:53:00.01Z,FUV,0,0
2018,38602160,2018-03-16T12:53:16.59Z,FUV,0,0
2018,38602163,2018-03-16T12:53:33.31Z,FUV,0,0
2018,38602166,2018-03-16T12:53:49.69Z,FUV,0,0
2018,38602169,2018-03-16T12:54:06.46Z,FUV,0,0
2018,38602172,2018-03-16T12:54:23.12Z,FUV,0,1
2018,38602175,2018-03-16T12:54:39.84Z,FUV,0,0
2018,38602178,2018-03-16T12:54:56.26Z,FUV,0,0
2018,38602181,2018-03-16T12:55:13.00Z,FUV,0,0
2018,38602184,2018-03-16T12:55:29.65Z,FUV,0,0
2018,38602187,2018-03-16T12:55:46.37Z,FUV,0,0
2018,38602190,2018-03-16T12:56:02.76Z,FUV,0,0
2018,38602193,2018-03-16T12:56:19.52Z,FUV,0,0
2018,38602196,2018-03-16T12:56:36.18Z,FUV,0,0
2018,38602199,2018-03-16T12:56:52.90Z,FUV,0,0
2018,38602202,2018-03-16T12:57:09.31Z,FUV,0,0
2018,38602205,2018-03-16T12:57:26.09Z,FUV,0,0
2018,38602208,2018-03-16T12:57:42.71Z,FUV,0,0
2018,38602211,2018-03-16T12:57:59.43Z,FUV,0,2
2018,38602214,2018-03-16T12:58:15.85Z,FUV,0,0
2018,38602217,2018-03-16T12:58:32.59Z,FUV,0,0
2018,38602220,2018-03-16T12:58:49.24Z,FUV,0,0
2018,38602223,2018-03-16T12:59:05.96Z,FUV,0,0
2018,38602226,2018-03-16T12:59:22.37Z,FUV,0,0
2018,38602229,2018-03-16T12:59:39.14Z,FUV,0,0
2018,38602232,2018-03-16T12:59:55.77Z,FUV,0,0
2018,38602235,2018-03-16T13:00:12.49Z,FUV,0,1
2018,38602238,2018-03-16T13:00:28.92Z,FUV,0,0
2018,38602241,2018-03-16T13:00:45.66Z,FUV,0,0
2018,38602244,2018-03-16T13:01:02.31Z,FUV,0,0
2018,38602247,2018-03-16T13:01:19.03Z,FUV,0,0
2018,38602250,2018-03-16T13:01:35.48Z,FUV,0,0
2018,38602253,2018-03-16T13:01:52.24Z,FUV,0,0
2018,38602256,2018-03-16T13:02:08.84Z,FUV,0,3
2018,38602259,2018-03-16T13:02:25.56Z,FUV,0,1
2018,38602262,2018-03-16T13:02:41.95Z,FUV,0,1
2018,38602265,2018-03-16T13:02:58.73Z,FUV,0,0
2018,38602268,2018-03-16T13:03:15.37Z,FUV,0,0
2018,38602271,2018-03-16T13:03:32.09Z,FUV,0,1
2018,38602274,2018-03-16T13:03:48.55Z,FUV,0,2
2018,38602277,2018-03-16T13:04:05.30Z,FUV,0,0
2018,38602280,2018-03-16T13:04:21.90Z,FUV,0,0
2018,38602283,2018-03-16T13:04:38.62Z,FUV,0,2
2018,38602286,2018-03-16T13:04:55.08Z,FUV,0,1
2018,38602289,2018-03-16T13:05:11.84Z,FUV,0,0
2018,38602292,2018-03-16T13:05:28.43Z,FUV,0,0
2018,38602295,2018-03-16T13:05:45.15Z,FUV,0,0
2018,38602298,2018-03-16T13:06:01.55Z,FUV,0,1
2018,38602301,2018-03-16T13:06:18.31Z,FUV,0,0
2018,38602304,2018-03-16T13:06:34.96Z,FUV,0,0
2018,38602307,2018-03-16T13:06:51.68Z,FUV,0,1
2018,38602310,2018-03-16T13:07:08.12Z,FUV,0,0
2018,38602313,2018-03-16T13:07:24.84Z,FUV,0,1
2018,38602316,2018-03-16T13:07:41.49Z,FUV,0,1
2018,38602319,2018-03-16T13:07:58.21Z,FUV,0,1
2018,38602322,2018-03-16T13:08:14.61Z,FUV,0,0
2018,38602325,2018-03-16T13:08:31.37Z,FUV,0,1
2018,38602328,2018-03-16T13:08:48.03Z,FUV,0,0
2018,38602331,2018-03-16T13:09:04.74Z,FUV,0,3
2018,38602334,2018-03-16T13:09:21.15Z,FUV,0,0
2018,38602337,2018-03-16T13:09:37.91Z,FUV,0,1
2018,38602340,2018-03-16T13:09:54.56Z,FUV,0,0
2018,38602343,2018-03-16T13:10:11.27Z,FUV,0,0
2018,38602346,2018-03-16T13:10:27.70Z,FUV,0,1
2018,38602349,2018-03-16T13:10:44.43Z,FUV,0,0
2018,38602352,2018-03-16T13:11:01.09Z,FUV,0,1
2018,38602355,2018-03-16T13:11:17.81Z,FUV,0,1
2018,38602358,2018-03-16T13:11:34.23Z,FUV,0,1
2018,38602361,2018-03-16T13:11:51.01Z,FUV,0,0
2018,38602364,2018-03-16T13:12:07.62Z,FUV,0,2
2018,38602367,2018-03-16T13:12:24.34Z,FUV,0,0
2018,38602370,2018-03-16T13:12:40.77Z,FUV,0,0
2018,38602373,2018-03-16T13:12:57.49Z,FUV,0,0
2018,38602376,2018-03-16T13:13:14.15Z,FUV,0,0
2018,38602379,2018-03-16T13:13:30.87Z,FUV,0,2
2018,38602382,2018-03-16T13:13:47.31Z,FUV,0,0
2018,38602385,2018-03-16T13:14:04.06Z,FUV,0,0
2018,38602388,2018-03-16T13:14:20.68Z,FUV,0,3
2018,38602391,2018-03-16T13:14:37.40Z,FUV,0,0
2018,38602394,2018-03-16T13:14:53.81Z,FUV,0,1
2018,38602397,2018-03-16T13:15:10.57Z,FUV,0,2
2018,38602400,2018-03-16T13:15:27.21Z,FUV,0,1
2018,38602403,2018-03-16T13:15:43.93Z,FUV,0,0
2018,38602406,2018-03-16T13:16:00.39Z,FUV,0,0
2018,38602409,2018-03-16T13:16:17.11Z,FUV,0,1
2018,38602412,2018-03-16T13:16:33.74Z,FUV,0,0
2018,38602415,2018-03-16T13:16:50.46Z,FUV,0,0
2018,38602418,2018-03-16T13:17:06.89Z,FUV,0,0
2018,38602421,2018-03-16T13:17:23.66Z,FUV,0,0
2018,38602424,2018-03-16T13:17:40.28Z,FUV,0,1
2018,38602427,2018-03-16T13:17:56.99Z,FUV,0,0
2018,38602430,2018-03-16T13:18:13.39Z,FUV,0,1
2018,38602433,2018-03-16T13:18:30.15Z,FUV,0,0
2018,38602436,2018-03-16T13:18:46.81Z,FUV,0,0
2018,38602439,2018-03-16T13:19:03.52Z,FUV,0,3
2018,38602442,2018-03-16T13:19:19.96Z,FUV,0,2
2018,38602445,2018-03-16T13:19:36.71Z,FUV,0,0
2018,38602448,2018-03-16T13:19:53.34Z,FUV,0,0
2018,38602451,2018-03-16T13:20:10.06Z,FUV,0,1
2018,38602454,2018-03-16T13:20:26.47Z,FUV,0,2
2018,38602457,2018-03-16T13:20:43.23Z,FUV,0,0
2018,38602460,2018-03-16T13:20:59.87Z,FUV,0,1
2018,38602463,2018-03-16T13:21:16.59Z,FUV,0,0
2018,38602466,2018-03-16T13:21:33.02Z,FUV,0,0
2018,38602469,2018-03-16T13:21:49.74Z,FUV,0,1
2018,38602472,2018-03-16T13:22:06.40Z,FUV,0,0
2018,38602475,2018-03-16T13:22:23.12Z,FUV,0,1
2018,38602478,2018-03-16T13:22:39.62Z,FUV,0,0
2018,38602481,2018-03-16T13:22:56.36Z,FUV,0,1
2018,38602484,2018-03-16T13:23:12.93Z,FUV,0,0
2018,38602487,2018-03-16T13:23:29.65Z,FUV,0,0
2018,38602490,2018-03-16T13:23:46.06Z,FUV,0,1
2018,38602493,2018-03-16T13:24:02.87Z,FUV,0,0
2018,38602496,2018-03-16T13:24:19.46Z,FUV,0,0
2018,38602499,2018-03-16T13:24:36.18Z,FUV,0,0
2018,38602502,2018-03-16T13:24:52.61Z,FUV,0,1
2018,38602505,2018-03-16T13:25:09.34Z,FUV,0,0
2018,38602508,2018-03-16T13:25:25.99Z,FUV,0,2
2018may,39496482,2018-05-04T07:12:25.29Z,FUV,1,0
2018may,39496485,2018-05-04T07:12:42.06Z,FUV,1,0
2018may,39496494,2018-05-04T07:13:31.72Z,FUV,0,0
2018may,39496506,2018-05-04T07:14:37.97Z,FUV,0,0
2018may,39496518,2018-05-04T07:15:44.36Z,FUV,0,0
2018may,39496530,2018-05-04T07:16:50.65Z,FUV,0,0
2018may,39496542,2018-05-04T07:17:56.97Z,FUV,0,0
2018may,39496554,2018-05-04T07:19:03.26Z,FUV,0,0
2018may,39496566,2018-05-04T07:20:09.64Z,FUV,0,0
2018may,39496578,2018-05-04T07:21:15.91Z,FUV,0,0
2018may,39496590,2018-05-04T07:22:22.29Z,FUV,0,0
2018may,39496602,2018-05-04T07:23:28.54Z,FUV,0,0
2018may,39496614,2018-05-04T07:24:34.96Z,FUV,0,0
2018may,39496626,2018-05-04T07:25:41.23Z,FUV,0,0
2018may,39496638,2018-05-04T07:26:47.53Z,FUV,0,0
2018may,39496650,2018-05-04T07:27:53.84Z,FUV,0,0
2018may,39496662,2018-05-04T07:29:00.16Z,FUV,0,0
2018may,39496674,2018-05-04T07:30:06.51Z,FUV,0,0
2018may,39496686,2018-05-04T07:31:12.78Z,FUV,0,0
2018may,39496698,2018-05-04T07:32:19.13Z,FUV,0,0
2018may,39496710,2018-05-04T07:33:25.45Z,FUV,0,0
2018may,39496722,2018-05-04T07:34:31.74Z,FUV,0,0
2018may,39496734,2018-05-04T07:35:38.08Z,FUV,0,0
2018may,39496746,2018-05-04T07:36:44.37Z,FUV,0,0
2018may,39496758,2018-05-04T07:37:50.77Z,FUV,0,0
2018may,39496770,2018-05-04T07:38:57.04Z,FUV,0,0
2018may,39496782,2018-05-04T07:40:03.41Z,FUV,0,0
2018may,39496794,2018-05-04T07:41:09.69Z,FUV,0,0
2018may,39496806,2018-05-04T07:42:16.03Z,FUV,0,0
2018may,39496818,2018-05-04T07:43:22.34Z,FUV,0,0
2018may,39496830,2018-05-04T07:44:28.64Z,FUV,0,0
2018may,39496842,2018-05-04T07:45:34.93Z,FUV,0,0
2018may,39496854,2018-05-04T07:46:41.31Z,FUV,0,0
2018may,39496866,2018-05-04T07:47:47.60Z,FUV,0,0
2018may,39496878,2018-05-04T07:48:53.93Z,FUV,0,0
2018may,39496890,2018-05-04T07:50:00.23Z,FUV,0,0
2018may,39496902,2018-05-04T07:51:06.62Z,FUV,0,0
2018may,39496914,2018-05-04T07:52:12.87Z,FUV,0,0
2018may,39496926,2018-05-04T07:53:19.27Z,FUV,0,0
2018may,39496938,2018-05-04T07:54:25.51Z,FUV,0,0
2018may,39496950,2018-05-04T07:55:31.95Z,FUV,0,0
2018may,39496962,2018-05-04T07:56:38.17Z,FUV,0,0
2018may,39496974,2018-05-04T07:57:44.53Z,FUV,0,0
2018may,39496986,2018-05-04T07:58:50.80Z,FUV,0,0
2018may,39496998,2018-05-04T07:59:57.16Z,FUV,0,0
2018may,39497010,2018-05-04T08:01:03.45Z,FUV,0,0
2018may,39497022,2018-05-04T08:02:09.84Z,FUV,0,0
2018may,39497034,2018-05-04T08:03:16.06Z,FUV,0,0
2018may,39497046,2018-05-04T08:04:22.45Z,FUV,0,0
2018may,39497058,2018-05-04T08:05:28.73Z,FUV,0,0
2018may,39497070,2018-05-04T08:06:35.10Z,FUV,0,0
2018may,39497082,2018-05-04T08:07:41.37Z,FUV,0,0
2018may,39497094,2018-05-04T08:08:47.74Z,FUV,0,0
2018may,39497106,2018-05-04T08:09:54.00Z,FUV,0,0
2018may,39497118,2018-05-04T08:11:00.35Z,FUV,0,0
2018may,39497130,2018-05-04T08:12:06.69Z,FUV,0,0
2018may,39497142,2018-05-04T08:13:12.99Z,FUV,0,0
2018may,39497154,2018-05-04T08:14:19.36Z,FUV,0,0
2018may,39497166,2018-05-04T08:15:25.62Z,FUV,0,0
2018may,39497178,2018-05-04T08:16:31.93Z,FUV,0,0
2018may,39497190,2018-05-04T08:17:38.23Z,FUV,0,0
2018may,39497202,2018-05-04T08:18:44.60Z,FUV,0,0
2018may,39497214,2018-05-04T08:19:50.87Z,FUV,0,0
2018may,39497226,2018-05-04T08:20:57.24Z,FUV,0,0
2018may,39497238,2018-05-04T08:22:03.54Z,FUV,0,0
2018may,39497250,2018-05-04T08:23:09.88Z,FUV,0,0
2018may,39497262,2018-05-04T08:24:16.16Z,FUV,0,0
2018may,39497274,2018-05-04T08:25:22.50Z,FUV,0,0
2018may,39497286,2018-05-04T08:26:28.86Z,FUV,0,0
2018may,39497298,2018-05-04T08:27:35.13Z,FUV,0,0
2018may,39497310,2018-05-04T08:28:41.45Z,FUV,0,0
2018may,39497322,2018-05-04T08:29:47.75Z,FUV,0,0
2018may,39497334,2018-05-04T08:30:54.12Z,FUV,1,0
2018may,39497337,2018-05-04T08:31:10.77Z,FUV,1,0
2018may,39497340,2018-05-04T08:31:27.27Z,FUV,1,0
2018may,39497343,2018-05-04T08:31:43.84Z,FUV,1,0
2018may,39497346,2018-05-04T08:32:00.40Z,FUV,1,0
2018may,39497349,2018-05-04T08:32:17.12Z,FUV,1,0
2018may,39497352,2018-05-04T08:32:33.59Z,FUV,1,0
2018may,39497355,2018-05-04T08:32:50.15Z,FUV,1,0
2018may,39497358,2018-05-04T08:33:06.76Z,FUV,1,0
2018may,39497361,2018-05-04T08:33:23.43Z,FUV,1,0
2018may,39497364,2018-05-04T08:33:39.90Z,FUV,1,1
2018may,39497367,2018-05-04T08:33:56.46Z,FUV,1,0
2018may,39497370,2018-05-04T08:34:13.03Z,FUV,1,0
2018may,39497373,2018-05-04T08:34:29.74Z,FUV,1,0
2018may,39497376,2018-05-04T08:34:46.24Z,FUV,1,2
2018may,39497379,2018-05-04T08:35:02.81Z,FUV,1,1
2018may,39497382,2018-05-04T08:35:19.44Z,FUV,1,2
2018may,39497385,2018-05-04T08:35:36.06Z,FUV,1,0
2018may,39497388,2018-05-04T08:35:52.56Z,FUV,1,1
2018may,39497391,2018-05-04T08:36:09.12Z,FUV,1,2
2018may,39497394,2018-05-04T08:36:25.69Z,FUV,1,0
2018may,39497397,2018-05-04T08:36:42.40Z,FUV,1,1
2018may,39497400,2018-05-04T08:36:58.87Z,FUV,1,1
2018may,39497403,2018-05-04T08:37:15.43Z,FUV,1,1
2018may,39497406,2018-05-04T08:37:32.04Z,FUV,1,1
2018may,39497409,2018-05-04T08:37:48.71Z,FUV,1,1
2018may,39497412,2018-05-04T08:38:05.18Z,FUV,1,0
2018may,39497415,2018-05-04T08:38:21.74Z,FUV,1,3
2018may,39497418,2018-05-04T08:38:38.33Z,FUV,1,6
2018may,39497421,2018-05-04T08:38:55.02Z,FUV,1,2
2018may,39497424,2018-05-04T08:39:11.49Z,FUV,1,3
2018may,39497427,2018-05-04T08:39:28.09Z,FUV,1,8
2018may,39497430,2018-05-04T08:39:44.73Z,FUV,1,10
2018may,39497433,2018-05-04T08:40:01.34Z,FUV,1,9
2018may,39497436,2018-05-04T08:40:17.84Z,FUV,1,10
2018may,39497439,2018-05-04T08:40:34.40Z,FUV,1,14
2018may,39497442,2018-05-04T08:40:50.97Z,FUV,1,11
2018may,39497445,2018-05-04T08:41:07.68Z,FUV,1,6
2018may,39497448,2018-05-04T08:41:24.15Z,FUV,1,7
2018may,39497451,2018-05-04T08:41:40.71Z,FUV,1,13
2018may,39497454,2018-05-04T08:41:57.36Z,FUV,1,5
2018may,39497457,2018-05-04T08:42:13.99Z,FUV,1,12
2018may,39497460,2018-05-04T08:42:30.46Z,FUV,1,12
2018may,39497463,2018-05-04T08:42:47.02Z,FUV,1,14
2018may,39497466,2018-05-04T08:43:03.60Z,FUV,1,12
2018may,39497469,2018-05-04T08:43:20.31Z,FUV,1,6
2018may,39497472,2018-05-04T08:43:36.77Z,FUV,1,6
2018may,39497475,2018-05-04T08:43:53.37Z,FUV,1,3
2018may,39497478,2018-05-04T08:44:10.02Z,FUV,1,7
2018may,39497481,2018-05-04T08:44:26.62Z,FUV,1,3
2018may,39497484,2018-05-04T08:44:43.12Z,FUV,1,4
2018may,39497487,2018-05-04T08:44:59.68Z,FUV,1,1
2018may,39497490,2018-05-04T08:45:16.28Z,FUV,1,2
2018may,39497493,2018-05-04T08:45:32.96Z,FUV,1,1
2018may,39497496,2018-05-04T08:45:49.43Z,FUV,1,1
2018may,39497499,2018-05-04T08:46:05.99Z,FUV,1,0
2018may,39497502,2018-05-04T08:46:22.59Z,FUV,1,0
2018may,39497505,2018-05-04T08:46:39.27Z,FUV,1,0
2018may,39497508,2018-05-04T08:46:55.74Z,FUV,1,0
2018may,39497511,2018-05-04T08:47:12.31Z,FUV,1,0
2018may,39497514,2018-05-04T08:47:28.92Z,FUV,1,0
2018may,39497517,2018-05-04T08:47:45.59Z,FUV,1,0
2018may,39497520,2018-05-04T08:48:02.09Z,FUV,1,0
2018may,39497523,2018-05-04T08:48:18.65Z,FUV,1,1
2018may,39497526,2018-05-04T08:48:35.23Z,FUV,0,0
2018may,39497538,2018-05-04T08:49:41.59Z,FUV,0,0
2018may,39497550,2018-05-04T08:50:47.86Z,FUV,0,0
2018may,39497562,2018-05-04T08:51:54.19Z,FUV,0,0
2018may,39497574,2018-05-04T08:53:00.53Z,FUV,0,0
2018may,39497586,2018-05-04T08:54:06.84Z,FUV,0,0
2018may,39497598,2018-05-04T08:55:13.19Z,FUV,0,0
2018may,39497610,2018-05-04T08:56:19.44Z,FUV,0,0
2018may,39497622,2018-05-04T08:57:25.87Z,FUV,0,0
2018may,39497634,2018-05-04T08:58:32.12Z,FUV,0,0
2018may,39497646,2018-05-04T08:59:38.44Z,FUV,0,0
2018may,39497658,2018-05-04T09:00:44.73Z,FUV,0,0
2018may,39497670,2018-05-04T09:01:51.12Z,FUV,0,0
2018may,39497682,2018-05-04T09:02:57.40Z,FUV,0,0
2018may,39497694,2018-05-04T09:04:03.73Z,FUV,0,0
2018may,39497706,2018-05-04T09:05:10.00Z,FUV,0,0
2018may,39497718,2018-05-04T09:06:16.37Z,FUV,0,0
2018may,39497730,2018-05-04T09:07:22.66Z,FUV,0,0
2018may,39497742,2018-05-04T09:08:28.99Z,FUV,0,0
2018may,39497754,2018-05-04T09:09:35.30Z,FUV,0,0
2018may,39497766,2018-05-04T09:10:41.65Z,FUV,0,0
2018may,39497778,2018-05-04T09:11:47.95Z,FUV,0,0
2018may,39497790,2018-05-04T09:12:54.30Z,FUV,0,0
2018may,39497802,2018-05-04T09:14:00.60Z,FUV,0,0
2018may,39497814,2018-05-04T09:15:06.92Z,FUV,0,0
2018may,39497826,2018-05-04T09:16:13.25Z,FUV,0,0
2018may,39497838,2018-05-04T09:17:19.55Z,FUV,0,0
2018may,39497850,2018-05-04T09:18:25.87Z,FUV,0,0
2018may,39497862,2018-05-04T09:19:32.19Z,FUV,0,0
2018may,39497874,2018-05-04T09:20:38.56Z,FUV,0,0
2018may,39497886,2018-05-04T09:21:44.81Z,FUV,0,0
2018may,39497898,2018-05-04T09:22:51.18Z,FUV,0,0
2018may,39497910,2018-05-04T09:23:57.47Z,FUV,0,0
2018may,39497922,2018-05-04T09:25:03.84Z,FUV,0,0
2018may,39497934,2018-05-04T09:26:10.07Z,FUV,0,0
2018may,39497946,2018-05-04T09:27:16.45Z,FUV,0,0
2018may,39497958,2018-05-04T09:28:22.77Z,FUV,0,0
2018may,39497970,2018-05-04T09:29:29.09Z,FUV,0,0
2018may,39497982,2018-05-04T09:30:35.38Z,FUV,0,0
2018may,39497994,2018-05-04T09:31:41.77Z,FUV,0,0
2018may,39498006,2018-05-04T09:32:48.03Z,FUV,0,0
2018may,39498018,2018-05-04T09:33:54.37Z,FUV,0,0
2018may,39498030,2018-05-04T09:35:00.72Z,FUV,0,0
2018may,39498042,2018-05-04T09:36:07.01Z,FUV,0,0
2018may,39498054,2018-05-04T09:37:13.34Z,FUV,0,0
2018may,39498066,2018-05-04T09:38:19.63Z,FUV,0,0
2018may,39498078,2018-05-04T09:39:25.96Z,FUV,0,0
2018may,39498090,2018-05-04T09:40:32.27Z,FUV,0,0
2018may,39498102,2018-05-04T09:41:38.60Z,FUV,0,0
2018may,39498114,2018-05-04T09:42:44.93Z,FUV,0,0
2018may,39498126,2018-05-04T09:43:51.22Z,FUV,0,0
2018may,39498138,2018-05-04T09:44:57.60Z,FUV,0,0
2018may,39498150,2018-05-04T09:46:03.87Z,FUV,0,0
2018may,39498162,2018-05-04T09:47:10.23Z,FUV,0,0
2018may,39498174,2018-05-04T09:48:16.49Z,FUV,0,0
2018may,39498186,2018-05-04T09:49:22.88Z,FUV,0,0
2018may,39498198,2018-05-04T09:50:29.15Z,FUV,0,0
2018may,39498210,2018-05-04T09:51:35.56Z,FUV,0,0
2018may,39498222,2018-05-04T09:52:41.78Z,FUV,0,0
2018may,39498234,2018-05-04T09:53:48.13Z,FUV,0,0
2018may,39498246,2018-05-04T09:54:54.46Z,FUV,0,0
2018may,39498258,2018-05-04T09:56:00.79Z,FUV,0,0
2018may,39498270,2018-05-04T09:57:07.08Z,FUV,0,0
2018may,39498282,2018-05-04T09:58:13.44Z,FUV,0,0
2018may,39498294,2018-05-04T09:59:19.80Z,FUV,0,0
2018may,39498306,2018-05-04T10:00:26.04Z,FUV,0,0
2018may,39498318,2018-05-04T10:01:32.40Z,FUV,0,0
2018may,39498330,2018-05-04T10:02:38.66Z,FUV,0,0
2018may,39498342,2018-05-04T10:03:45.09Z,FUV,0,0
2018may,39498354,2018-05-04T10:04:51.32Z,FUV,0,0
2018may,39498366,2018-05-04T10:05:57.71Z,FUV,0,0
2018may,39498378,2018-05-04T10:07:03.95Z,FUV,0,0
2018may,39498390,2018-05-04T10:08:10.34Z,FUV,0,0
2018may,39498402,2018-05-04T10:09:16.59Z,FUV,0,0
2018may,39498408,2018-05-04T10:09:49.77Z,FUV,1,0
2018may,39498411,2018-05-04T10:10:06.34Z,FUV,1,0
2018may,39498414,2018-05-04T10:10:22.94Z,FUV,1,0
2018may,39498417,2018-05-04T10:10:39.62Z,FUV,1,0
2018may,39498420,2018-05-04T10:10:56.09Z,FUV,1,1
2018may,39498423,2018-05-04T10:11:12.65Z,FUV,1,1
2018may,39498426,2018-05-04T10:11:29.21Z,FUV,1,3
2018may,39498429,2018-05-04T10:11:45.93Z,FUV,1,1
2018may,39498432,2018-05-04T10:12:02.43Z,FUV,1,1
2018may,39498435,2018-05-04T10:12:18.99Z,FUV,1,2
2018may,39498438,2018-05-04T10:12:35.62Z,FUV,1,2
2018may,39498441,2018-05-04T10:12:52.24Z,FUV,1,0
2018may,39498444,2018-05-04T10:13:08.74Z,FUV,1,0
2018may,39498447,2018-05-04T10:13:25.31Z,FUV,1,2
2018may,39498450,2018-05-04T10:13:41.89Z,FUV,1,0
2018may,39498453,2018-05-04T10:13:58.59Z,FUV,1,0
2018may,39498456,2018-05-04T10:14:15.06Z,FUV,1,2
2018may,39498459,2018-05-04T10:14:31.62Z,FUV,1,3
2018may,39498462,2018-05-04T10:14:48.26Z,FUV,1,2
2018may,39498465,2018-05-04T10:15:04.90Z,FUV,1,1
2018may,39498468,2018-05-04T10:15:21.37Z,FUV,1,3
2018may,39498471,2018-05-04T10:15:37.93Z,FUV,1,4
2018may,39498474,2018-05-04T10:15:54.51Z,FUV,1,7
2018may,39498477,2018-05-04T10:16:11.21Z,FUV,1,7
2018may,39498480,2018-05-04T10:16:27.68Z,FUV,1,6
2018may,39498483,2018-05-04T10:16:44.27Z,FUV,1,6
2018may,39498486,2018-05-04T10:17:00.90Z,FUV,1,8
2018may,39498489,2018-05-04T10:17:17.53Z,FUV,1,9
2018may,39498492,2018-05-04T10:17:34.02Z,FUV,1,9
2018may,39498495,2018-05-04T10:17:50.59Z,FUV,1,11
2018may,39498498,2018-05-04T10:18:07.17Z,FUV,1,11
2018may,39498501,2018-05-04T10:18:23.87Z,FUV,1,8
2018may,39498504,2018-05-04T10:18:40.34Z,FUV,1,16
2018may,39498507,2018-05-04T10:18:56.90Z,FUV,1,8
2018may,39498510,2018-05-04T10:19:13.51Z,FUV,1,13
2018may,39498513,2018-05-04T10:19:30.18Z,FUV,1,10
2018may,39498516,2018-05-04T10:19:46.65Z,FUV,1,6
2018may,39498519,2018-05-04T10:20:03.21Z,FUV,1,7
2018may,39498522,2018-05-04T10:20:19.77Z,FUV,1,6
2018may,39498525,2018-05-04T10:20:36.49Z,FUV,1,3
2018may,39498528,2018-05-04T10:20:52.99Z,FUV,1,2
2018may,39498531,2018-05-04T10:21:09.56Z,FUV,1,3
2018may,39498534,2018-05-04T10:21:26.17Z,FUV,1,2
2018may,39498537,2018-05-04T10:21:42.81Z,FUV,1,0
2018may,39498540,2018-05-04T10:21:59.31Z,FUV,1,0
2018may,39498543,2018-05-04T10:22:15.87Z,FUV,1,1
2018may,39498546,2018-05-04T10:22:32.44Z,FUV,1,0
2018may,39498549,2018-05-04T10:22:49.15Z,FUV,1,0
2018may,39498552,2018-05-04T10:23:05.62Z,FUV,1,0
2018may,39498555,2018-05-04T10:23:22.18Z,FUV,1,0
2018may,39498558,2018-05-04T10:23:38.79Z,FUV,1,0
2018may,39498570,2018-05-04T10:24:45.09Z,FUV,0,0
2018may,39498582,2018-05-04T10:25:51.48Z,FUV,0,0
2018may,39498594,2018-05-04T10:26:57.73Z,FUV,0,0
2018may,39498606,2018-05-04T10:28:04.04Z,FUV,0,0
2018may,39498618,2018-05-04T10:29:10.35Z,FUV,0,0
2018may,39498630,2018-05-04T10:30:16.73Z,FUV,0,0
2018may,39498642,2018-05-04T10:31:23.01Z,FUV,0,0
2018may,39498654,2018-05-04T10:32:29.42Z,FUV,0,0
2018may,39498666,2018-05-04T10:33:35.62Z,FUV,0,0
2018may,39498678,2018-05-04T10:34:42.02Z,FUV,0,0
2018may,39498690,2018-05-04T10:35:48.29Z,FUV,0,0
2018may,39498702,2018-05-04T10:36:54.68Z,FUV,0,0
2018may,39498714,2018-05-04T10:38:00.92Z,FUV,0,0
2018may,39498726,2018-05-04T10:39:07.32Z,FUV,0,0
2018may,39498738,2018-05-04T10:40:13.59Z,FUV,0,0
2018may,39498750,2018-05-04T10:41:19.91Z,FUV,0,0
2018may,39498762,2018-05-04T10:42:26.19Z,FUV,0,0
2018may,39498774,2018-05-04T10:43:32.60Z,FUV,0,0
2018may,39498786,2018-05-04T10:44:38.85Z,FUV,0,0
2018may,39498798,2018-05-04T10:45:45.22Z,FUV,0,0
2018may,39498810,2018-05-04T10:46:51.48Z,FUV,0,0
2018may,39498822,2018-05-04T10:47:57.86Z,FUV,0,0
2018may,39498834,2018-05-04T10:49:04.13Z,FUV,0,0
2018may,39498846,2018-05-04T10:50:10.52Z,FUV,0,0
2018may,39498858,2018-05-04T10:51:16.76Z,FUV,0,0
2018may,39498870,2018-05-04T10:52:23.14Z,FUV,0,0
2018may,39498882,2018-05-04T10:53:29.41Z,FUV,0,0
2018may,39498894,2018-05-04T10:54:35.81Z,FUV,0,0
2018may,39498906,2018-05-04T10:55:42.06Z,FUV,0,0
2018may,39498918,2018-05-04T10:56:48.43Z,FUV,0,0
2018may,39498930,2018-05-04T10:57:54.69Z,FUV,0,0
2018may,39498942,2018-05-04T10:59:01.06Z,FUV,0,0
2018may,39498954,2018-05-04T11:00:07.37Z,FUV,0,0
2018may,39498966,2018-05-04T11:01:13.66Z,FUV,0,0
2018may,39498978,2018-05-04T11:02:20.02Z,FUV,0,0
2018may,39498990,2018-05-04T11:03:26.31Z,FUV,0,0
2018may,39499002,2018-05-04T11:04:32.65Z,FUV,0,0
2018may,39499014,2018-05-04T11:05:38.94Z,FUV,0,0
2018may,39499026,2018-05-04T11:06:45.31Z,FUV,0,0
2018may,39499038,2018-05-04T11:07:51.57Z,FUV,0,0
2018may,39499050,2018-05-04T11:08:57.91Z,FUV,0,0
2018may,39499062,2018-05-04T11:10:04.23Z,FUV,0,0
2018may,39499074,2018-05-04T11:11:10.62Z,FUV,0,0
2018may,39499086,2018-05-04T11:12:16.87Z,FUV,0,0
2018may,39499098,2018-05-04T11:13:23.23Z,FUV,0,0
2018may,39499110,2018-05-04T11:14:29.50Z,FUV,0,0
2018may,39499122,2018-05-04T11:15:35.85Z,FUV,0,0
2018may,39499134,2018-05-04T11:16:42.14Z,FUV,0,0
2018may,39499146,2018-05-04T11:17:48.49Z,FUV,0,0
2018may,39499158,2018-05-04T11:18:54.81Z,FUV,0,0
2018may,39499170,2018-05-04T11:20:01.13Z,FUV,0,0
2018may,39499182,2018-05-04T11:21:07.41Z,FUV,0,0
2018may,39499194,2018-05-04T11:22:13.83Z,FUV,0,0
2018may,39499206,2018-05-04T11:23:20.09Z,FUV,0,0
2018may,39499218,2018-05-04T11:24:26.44Z,FUV,0,0
2018may,39499230,2018-05-04T11:25:32.71Z,FUV,0,0
2018may,39499242,2018-05-04T11:26:39.03Z,FUV,0,0
2018may,39499254,2018-05-04T11:27:45.37Z,FUV,0,0
2018may,39499266,2018-05-04T11:28:51.63Z,FUV,0,0
2018may,39499278,2018-05-04T11:29:58.08Z,FUV,0,0
2018may,39499290,2018-05-04T11:31:04.30Z,FUV,0,0
2018may,39499302,2018-05-04T11:32:10.65Z,FUV,0,0
2018may,39499314,2018-05-04T11:33:17.00Z,FUV,0,0
2018may,39499326,2018-05-04T11:34:23.23Z,FUV,0,0
2018may,39499338,2018-05-04T11:35:29.65Z,FUV,0,0
2018may,39499350,2018-05-04T11:36:35.91Z,FUV,0,0
2018may,39499362,2018-05-04T11:37:42.26Z,FUV,0,0
2018may,39499374,2018-05-04T11:38:48.62Z,FUV,0,0
2018may,39499386,2018-05-04T11:39:54.85Z,FUV,0,0
2018may,39499398,2018-05-04T11:41:01.22Z,FUV,0,0
2018may,39499410,2018-05-04T11:42:07.54Z,FUV,0,0
2018may,39499422,2018-05-04T11:43:13.81Z,FUV,0,0
2018may,39499434,2018-05-04T11:44:20.19Z,FUV,0,0
2018may,39499446,2018-05-04T11:45:26.49Z,FUV,0,0
2018may,39499458,2018-05-04T11:46:32.81Z,FUV,0,0
2018may,39499470,2018-05-04T11:47:39.13Z,FUV,0,0
2018may,39499482,2018-05-04T11:48:45.40Z,FUV,0,0
2018may,39499494,2018-05-04T11:49:51.79Z,FUV,0,0
2018may,39499503,2018-05-04T11:50:41.49Z,FUV,1,0
2018may,39499506,2018-05-04T11:50:58.07Z,FUV,1,0
2018may,39499509,2018-05-04T11:51:14.77Z,FUV,1,0
2018may,39499512,2018-05-04T11:51:31.24Z,FUV,1,0
2018may,39499515,2018-05-04T11:51:47.81Z,FUV,1,0
2018may,39499518,2018-05-04T11:52:04.45Z,FUV,1,0
2018may,39499521,2018-05-04T11:52:21.09Z,FUV,1,0
2018may,39499524,2018-05-04T11:52:37.56Z,FUV,1,0
2018may,39499527,2018-05-04T11:52:54.12Z,FUV,1,0
2018may,39499530,2018-05-04T11:53:10.69Z,FUV,1,0
2018may,39499533,2018-05-04T11:53:27.40Z,FUV,1,0
2018may,39499536,2018-05-04T11:53:43.87Z,FUV,1,0
2018may,39499539,2018-05-04T11:54:00.46Z,FUV,1,0
2018may,39499542,2018-05-04T11:54:17.15Z,FUV,1,0
2018may,39499545,2018-05-04T11:54:33.71Z,FUV,1,0
2018may,39499548,2018-05-04T11:54:50.21Z,FUV,1,1
2018may,39499551,2018-05-04T11:55:06.77Z,FUV,1,1
2018may,39499554,2018-05-04T11:55:23.33Z,FUV,1,0
2018may,39499557,2018-05-04T11:55:40.06Z,FUV,1,0
2018may,39499560,2018-05-04T11:55:56.53Z,FUV,1,0
2018may,39499566,2018-05-04T11:56:29.69Z,FUV,0,0
2018may,39499578,2018-05-04T11:57:36.00Z,FUV,0,0
2018may,39499590,2018-05-04T11:58:42.36Z,FUV,0,0
sji,39496480,2018-05-04T07:12:25.22Z,SJI_1400,1,0
sji,39497332,2018-05-04T08:30:54.05Z,SJI_1400,1,0
sji,39497338,2018-05-04T08:31:27.20Z,SJI_1400,1,0
sji,39497344,2018-05-04T08:32:00.33Z,SJI_1400,1,0
sji,39497350,2018-05-04T08:32:33.52Z,SJI_1400,1,0
sji,39497356,2018-05-04T08:33:06.69Z,SJI_1400,1,1
sji,39497362,2018-05-04T08:33:39.83Z,SJI_1400,1,0
sji,39497368,2018-05-04T08:34:12.96Z,SJI_1400,1,0
sji,39497374,2018-05-04T08:34:46.17Z,SJI_1400,1,1
sji,39497380,2018-05-04T08:35:19.37Z,SJI_1400,1,1
sji,39497386,2018-05-04T08:35:52.49Z,SJI_1400,1,0
sji,39497392,2018-05-04T08:36:25.62Z,SJI_1400,1,2
sji,39497398,2018-05-04T08:36:58.80Z,SJI_1400,1,0
sji,39497404,2018-05-04T08:37:31.97Z,SJI_1400,1,0
sji,39497410,2018-05-04T08:38:05.11Z,SJI_1400,1,2
sji,39497416,2018-05-04T08:38:38.26Z,SJI_1400,1,1
sji,39497422,2018-05-04T08:39:11.42Z,SJI_1400,1,3
sji,39497428,2018-05-04T08:39:44.66Z,SJI_1400,1,3
sji,39497434,2018-05-04T08:40:17.77Z,SJI_1400,1,2
sji,39497440,2018-05-04T08:40:50.90Z,SJI_1400,1,2
sji,39497446,2018-05-04T08:41:24.08Z,SJI_1400,1,2
sji,39497452,2018-05-04T08:41:57.29Z,SJI_1400,1,2
sji,39497458,2018-05-04T08:42:30.39Z,SJI_1400,1,3
sji,39497464,2018-05-04T08:43:03.53Z,SJI_1400,1,2
sji,39497470,2018-05-04T08:43:36.70Z,SJI_1400,1,1
sji,39497476,2018-05-04T08:44:09.95Z,SJI_1400,1,6
sji,39497482,2018-05-04T08:44:43.05Z,SJI_1400,1,1
sji,39497488,2018-05-04T08:45:16.21Z,SJI_1400,1,0
sji,39497494,2018-05-04T08:45:49.36Z,SJI_1400,1,0
sji,39497500,2018-05-04T08:46:22.52Z,SJI_1400,1,0
sji,39497506,2018-05-04T08:46:55.67Z,SJI_1400,1,0
sji,39497512,2018-05-04T08:47:28.85Z,SJI_1400,1,0
sji,39497518,2018-05-04T08:48:02.02Z,SJI_1400,1,0
sji,39498406,2018-05-04T10:09:49.70Z,SJI_1400,1,0
sji,39498412,2018-05-04T10:10:22.87Z,SJI_1400,1,0
sji,39498418,2018-05-04T10:10:56.02Z,SJI_1400,1,0
sji,39498424,2018-05-04T10:11:29.14Z,SJI_1400,1,1
sji,39498430,2018-05-04T10:12:02.36Z,SJI_1400,1,0
sji,39498436,2018-05-04T10:12:35.55Z,SJI_1400,1,1
sji,39498442,2018-05-04T10:13:08.67Z,SJI_1400,1,0
sji,39498448,2018-05-04T10:13:41.82Z,SJI_1400,1,0
sji,39498454,2018-05-04T10:14:14.99Z,SJI_1400,1,1
sji,39498460,2018-05-04T10:14:48.19Z,SJI_1400,1,0
sji,39498466,2018-05-04T10:15:21.30Z,SJI_1400,1,0
sji,39498472,2018-05-04T10:15:54.44Z,SJI_1400,1,3
sji,39498478,2018-05-04T10:16:27.61Z,SJI_1400,1,3
sji,39498484,2018-05-04T10:17:00.83Z,SJI_1400,1,3
sji,39498490,2018-05-04T10:17:33.95Z,SJI_1400,1,4
sji,39498496,2018-05-04T10:18:07.10Z,SJI_1400,1,4
sji,39498502,2018-05-04T10:18:40.27Z,SJI_1400,1,3
sji,39498508,2018-05-04T10:19:13.44Z,SJI_1400,1,2
sji,39498514,2018-05-04T10:19:46.58Z,SJI_1400,1,2
sji,39498520,2018-05-04T10:20:19.70Z,SJI_1400,1,2
sji,39498526,2018-05-04T10:20:52.92Z,SJI_1400,1,0
sji,39498532,2018-05-04T10:21:26.10Z,SJI_1400,1,0
sji,39498538,2018-05-04T10:21:59.24Z,SJI_1400,1,0
sji,39498544,2018-05-04T10:22:32.37Z,SJI_1400,1,0
sji,39498550,2018-05-04T10:23:05.55Z,SJI_1400,1,0
sji,39498556,2018-05-04T10:23:38.72Z,SJI_1400,1,0
sji,39499504,2018-05-04T11:50:58.00Z,SJI_1400,1,0
sji,39499510,2018-05-04T11:51:31.17Z,SJI_1400,1,0
sji,39499516,2018-05-04T11:52:04.38Z,SJI_1400,1,0
sji,39499522,2018-05-04T11:52:37.49Z,SJI_1400,1,0
sji,39499528,2018-05-04T11:53:10.62Z,SJI_1400,1,0
sji,39499534,2018-05-04T11:53:43.80Z,SJI_1400,1,0
sji,39499540,2018-05-04T11:54:17.08Z,SJI_1400,1,0
sji,39499546,2018-05-04T11:54:50.14Z,SJI_1400,1,0
sji,39499552,2018-05-04T11:55:23.26Z,SJI_1400,1,0
sji,39499558,2018-05-04T11:55:56.45Z,SJI_1400,1,0
sji,39530315,2018-05-05T07:16:33.20Z,SJI_1400,1,0
sji,39530321,2018-05-05T07:17:06.37Z,SJI_1400,1,0
sji,39530327,2018-05-05T07:17:39.55Z,SJI_1400,1,0
sji,39530333,2018-05-05T07:18:12.66Z,SJI_1400,1,1
sji,39530339,2018-05-05T07:18:45.86Z,SJI_1400,1,0
sji,39530345,2018-05-05T07:19:19.05Z,SJI_1400,1,0
sji,39530351,2018-05-05T07:19:52.17Z,SJI_1400,1,1
sji,39530357,2018-05-05T07:20:25.30Z,SJI_1400,1,0
sji,39530363,2018-05-05T07:20:58.49Z,SJI_1400,1,0
sji,39530369,2018-05-05T07:21:31.71Z,SJI_1400,1,0
sji,39530375,2018-05-05T07:22:04.80Z,SJI_1400,1,0
sji,39530381,2018-05-05T07:22:37.99Z,SJI_1400,1,0
sji,39530387,2018-05-05T07:23:11.14Z,SJI_1400,1,0
sji,39530393,2018-05-05T07:23:44.33Z,SJI_1400,1,0
sji,39530399,2018-05-05T07:24:17.45Z,SJI_1400,1,0
sji,39530405,2018-05-05T07:24:50.60Z,SJI_1400,1,0
sji,39530411,2018-05-05T07:25:23.77Z,SJI_1400,1,0
sji,39530417,2018-05-05T07:25:56.95Z,SJI_1400,1,0
sji,39530423,2018-05-05T07:26:30.11Z,SJI_1400,1,0
sji,39530429,2018-05-05T07:27:03.31Z,SJI_1400,1,0
sji,39530435,2018-05-05T07:27:36.42Z,SJI_1400,1,0
sji,39530441,2018-05-05T07:28:09.58Z,SJI_1400,1,0
sji,39530447,2018-05-05T07:28:42.74Z,SJI_1400,1,1
sji,39530453,2018-05-05T07:29:15.89Z,SJI_1400,1,0
sji,39530459,2018-05-05T07:29:49.05Z,SJI_1400,1,1
sji,39530465,2018-05-05T07:30:22.20Z,SJI_1400,1,0
sji,39530471,2018-05-05T07:30:55.36Z,SJI_1400,1,0
sji,39530477,2018-05-05T07:31:28.54Z,SJI_1400,1,0
sji,39530483,2018-05-05T07:32:01.70Z,SJI_1400,1,0
sji,39530489,2018-05-05T07:32:34.86Z,SJI_1400,1,0
sji,39530495,2018-05-05T07:33:08.02Z,SJI_1400,1,0
sji,39530501,2018-05-05T07:33:41.15Z,SJI_1400,1,0
sji,39531365,2018-05-05T08:53:16.23Z,SJI_1400,1,0
sji,39531371,2018-05-05T08:53:49.39Z,SJI_1400,1,0
sji,39531377,2018-05-05T08:54:22.55Z,SJI_1400,1,0
sji,39531383,2018-05-05T08:54:55.70Z,SJI_1400,1,0
sji,39531389,2018-05-05T08:55:28.91Z,SJI_1400,1,0
sji,39531395,2018-05-05T08:56:02.05Z,SJI_1400,1,0
sji,39531401,2018-05-05T08:56:35.18Z,SJI_1400,1,0
sji,39531407,2018-05-05T08:57:08.36Z,SJI_1400,1,0
sji,39531413,2018-05-05T08:57:41.53Z,SJI_1400,1,0
sji,39531419,2018-05-05T08:58:14.67Z,SJI_1400,1,2
sji,39531425,2018-05-05T08:58:47.84Z,SJI_1400,1,2
sji,39531431,2018-05-05T08:59:21.02Z,SJI_1400,1,0
sji,39531437,2018-05-05T08:59:54.16Z,SJI_1400,1,0
sji,39531443,2018-05-05T09:00:27.33Z,SJI_1400,1,4
sji,39531449,2018-05-05T09:01:00.49Z,SJI_1400,1,3
sji,39531455,2018-05-05T09:01:33.64Z,SJI_1400,1,3
sji,39531461,2018-05-05T09:02:06.76Z,SJI_1400,1,1
sji,39531467,2018-05-05T09:02:39.95Z,SJI_1400,1,1
sji,39531473,2018-05-05T09:03:13.14Z,SJI_1400,1,1
sji,39531479,2018-05-05T09:03:46.30Z,SJI_1400,1,0
sji,39531485,2018-05-05T09:04:19.44Z,SJI_1400,1,3
sji,39531491,2018-05-05T09:04:52.61Z,SJI_1400,1,2
sji,39531497,2018-05-05T09:05:25.80Z,SJI_1400,1,3
sji,39531503,2018-05-05T09:05:58.92Z,SJI_1400,1,0
sji,39531509,2018-05-05T09:06:32.07Z,SJI_1400,1,0
sji,39531515,2018-05-05T09:07:05.24Z,SJI_1400,1,0
sji,39531521,2018-05-05T09:07:38.41Z,SJI_1400,1,0
sji,39531527,2018-05-05T09:08:11.58Z,SJI_1400,1,0
sji,39531533,2018-05-05T09:08:44.76Z,SJI_1400,1,0
sji,39531539,2018-05-05T09:09:17.89Z,SJI_1400,1,0
sji,39532439,2018-05-05T10:32:11.92Z,SJI_1400,1,0
sji,39532445,2018-05-05T10:32:45.12Z,SJI_1400,1,0
sji,39532451,2018-05-05T10:33:18.24Z,SJI_1400,1,0
sji,39532457,2018-05-05T10:33:51.34Z,SJI_1400,1,0
sji,39532463,2018-05-05T10:34:24.55Z,SJI_1400,1,0
sji,39532469,2018-05-05T10:34:57.74Z,SJI_1400,1,0
sji,39532475,2018-05-05T10:35:30.86Z,SJI_1400,1,1
sji,39532499,2018-05-05T10:37:43.52Z,SJI_1400,1,0
sji,39532505,2018-05-05T10:38:16.67Z,SJI_1400,1,2
sji,39532511,2018-05-05T10:38:49.83Z,SJI_1400,1,0
sji,39532517,2018-05-05T10:39:23.05Z,SJI_1400,1,4
sji,39532523,2018-05-05T10:39:56.14Z,SJI_1400,1,2
sji,39532529,2018-05-05T10:40:29.28Z,SJI_1400,1,1
sji,39532535,2018-05-05T10:41:02.45Z,SJI_1400,1,2
sji,39532541,2018-05-05T10:41:35.67Z,SJI_1400,1,1
sji,39532547,2018-05-05T10:42:08.80Z,SJI_1400,1,1
sji,39532553,2018-05-05T10:42:41.95Z,SJI_1400,1,0
sji,39532559,2018-05-05T10:43:15.11Z,SJI_1400,1,1
sji,39532565,2018-05-05T10:43:48.31Z,SJI_1400,1,0
sji,39532571,2018-05-05T10:44:21.42Z,SJI_1400,1,0
sji,39563146,2018-05-06T07:37:48.78Z,SJI_1400,1,0
sji,39563152,2018-05-06T07:38:21.99Z,SJI_1400,1,0
sji,39563158,2018-05-06T07:38:55.21Z,SJI_1400,1,0
sji,39563164,2018-05-06T07:39:28.30Z,SJI_1400,1,0
sji,39563170,2018-05-06T07:40:01.46Z,SJI_1400,1,0
sji,39563176,2018-05-06T07:40:34.61Z,SJI_1400,1,0
sji,39563182,2018-05-06T07:41:07.80Z,SJI_1400,1,0
sji,39563188,2018-05-06T07:41:40.92Z,SJI_1400,1,0
sji,39563194,2018-05-06T07:42:14.14Z,SJI_1400,1,0
sji,39563200,2018-05-06T07:42:47.27Z,SJI_1400,1,0
sji,39563206,2018-05-06T07:43:20.42Z,SJI_1400,1,1
sji,39563212,2018-05-06T07:43:53.58Z,SJI_1400,1,1
sji,39563218,2018-05-06T07:44:26.71Z,SJI_1400,1,0
sji,39563224,2018-05-06T07:44:59.89Z,SJI_1400,1,0
sji,39563230,2018-05-06T07:45:33.05Z,SJI_1400,1,0
sji,39563236,2018-05-06T07:46:06.24Z,SJI_1400,1,0
sji,39563242,2018-05-06T07:46:39.38Z,SJI_1400,1,0
sji,39563248,2018-05-06T07:47:12.55Z,SJI_1400,1,0
sji,39563254,2018-05-06T07:47:45.71Z,SJI_1400,1,1
sji,39563260,2018-05-06T07:48:18.86Z,SJI_1400,1,1
sji,39563266,2018-05-06T07:48:51.99Z,SJI_1400,1,1
sji,39563272,2018-05-06T07:49:25.17Z,SJI_1400,1,1
sji,39563278,2018-05-06T07:49:58.44Z,SJI_1400,1,1
sji,39563284,2018-05-06T07:50:31.49Z,SJI_1400,1,0
sji,39563290,2018-05-06T07:51:04.65Z,SJI_1400,1,0
sji,39563296,2018-05-06T07:51:37.83Z,SJI_1400,1,0
sji,39563302,2018-05-06T07:52:11.02Z,SJI_1400,1,0
sji,39563308,2018-05-06T07:52:44.14Z,SJI_1400,1,0
sji,39563314,2018-05-06T07:53:17.30Z,SJI_1400,1,0
sji,39563320,2018-05-06T07:53:50.45Z,SJI_1400,1,0
sji,39563326,2018-05-06T07:54:23.68Z,SJI_1400,1,0
sji,39563332,2018-05-06T07:54:56.77Z,SJI_1400,1,1
sji,39563338,2018-05-06T07:55:29.93Z,SJI_1400,1,0
sji,39564202,2018-05-06T09:15:05.02Z,SJI_1400,1,0
sji,39564208,2018-05-06T09:15:38.17Z,SJI_1400,1,0
sji,39564214,2018-05-06T09:16:11.30Z,SJI_1400,1,0
sji,39564220,2018-05-06T09:16:44.49Z,SJI_1400,1,1
sji,39564226,2018-05-06T09:17:17.68Z,SJI_1400,1,0
sji,39564232,2018-05-06T09:17:50.80Z,SJI_1400,1,0
sji,39564238,2018-05-06T09:18:23.92Z,SJI_1400,1,0
sji,39564244,2018-05-06T09:18:57.14Z,SJI_1400,1,1
sji,39564250,2018-05-06T09:19:30.37Z,SJI_1400,1,0
sji,39564256,2018-05-06T09:20:03.45Z,SJI_1400,1,2
sji,39564262,2018-05-06T09:20:36.59Z,SJI_1400,1,1
sji,39564268,2018-05-06T09:21:09.77Z,SJI_1400,1,2
sji,39564274,2018-05-06T09:21:42.93Z,SJI_1400,1,0
sji,39564280,2018-05-06T09:22:16.08Z,SJI_1400,1,1
sji,39564286,2018-05-06T09:22:49.24Z,SJI_1400,1,2
sji,39564292,2018-05-06T09:23:22.42Z,SJI_1400,1,3
sji,39564298,2018-05-06T09:23:55.62Z,SJI_1400,1,0
sji,39564304,2018-05-06T09:24:28.74Z,SJI_1400,1,3
sji,39564310,2018-05-06T09:25:01.87Z,SJI_1400,1,1
sji,39564316,2018-05-06T09:25:35.05Z,SJI_1400,1,1
sji,39564322,2018-05-06T09:26:08.24Z,SJI_1400,1,3
sji,39564328,2018-05-06T09:26:41.36Z,SJI_1400,1,3
sji,39564334,2018-05-06T09:27:14.52Z,SJI_1400,1,1
sji,39564340,2018-05-06T09:27:47.67Z,SJI_1400,1,2
sji,39564346,2018-05-06T09:28:20.91Z,SJI_1400,1,3
sji,39564352,2018-05-06T09:28:54.02Z,SJI_1400,1,0
sji,39564358,2018-05-06T09:29:27.16Z,SJI_1400,1,0
sji,39564364,2018-05-06T09:30:00.33Z,SJI_1400,1,0
sji,39564370,2018-05-06T09:30:33.55Z,SJI_1400,1,0
sji,39565276,2018-05-06T10:54:00.67Z,SJI_1400,1,0
sji,39565282,2018-05-06T10:54:33.87Z,SJI_1400,1,0
sji,39565288,2018-05-06T10:55:06.98Z,SJI_1400,1,0
sji,39565294,2018-05-06T10:55:40.16Z,SJI_1400,1,0
sji,39565300,2018-05-06T10:56:13.30Z,SJI_1400,1,0
sji,39565306,2018-05-06T10:56:46.50Z,SJI_1400,1,1
sji,39565312,2018-05-06T10:57:19.64Z,SJI_1400,1,0
sji,39565318,2018-05-06T10:57:52.78Z,SJI_1400,1,0
sji,39565324,2018-05-06T10:58:25.95Z,SJI_1400,1,0
sji,39565330,2018-05-06T10:58:59.16Z,SJI_1400,1,0
sji,39565336,2018-05-06T10:59:32.27Z,SJI_1400,1,0
sji,39565342,2018-05-06T11:00:05.39Z,SJI_1400,1,0
sji,39565348,2018-05-06T11:00:38.58Z,SJI_1400,1,1
sji,39565354,2018-05-06T11:01:11.78Z,SJI_1400,1,0
sji,39565360,2018-05-06T11:01:44.92Z,SJI_1400,1,1
sji,39565366,2018-05-06T11:02:18.08Z,SJI_1400,1,1
sji,39565372,2018-05-06T11:02:51.24Z,SJI_1400,1,1
sji,39565378,2018-05-06T11:03:24.40Z,SJI_1400,1,3
sji,39565384,2018-05-06T11:03:57.55Z,SJI_1400,1,1
sji,39565390,2018-05-06T11:04:30.69Z,SJI_1400,1,0
sji,39565396,2018-05-06T11:05:03.86Z,SJI_1400,1,0
sji,39496486,2018-05-04T07:12:58.45Z,SJI_1400,0,0
sji,39496510,2018-05-04T07:15:11.08Z,SJI_1400,0,0
sji,39496534,2018-05-04T07:17:23.74Z,SJI_1400,0,0
sji,39496558,2018-05-04T07:19:36.39Z,SJI_1400,0,0
sji,39496582,2018-05-04T07:21:49.02Z,SJI_1400,0,0
sji,39496606,2018-05-04T07:24:01.67Z,SJI_1400,0,0
sji,39496630,2018-05-04T07:26:14.30Z,SJI_1400,0,0
sji,39496654,2018-05-04T07:28:26.95Z,SJI_1400,0,0
sji,39496678,2018-05-04T07:30:39.58Z,SJI_1400,0,0
sji,39496702,2018-05-04T07:32:52.24Z,SJI_1400,0,0
sji,39496726,2018-05-04T07:35:04.86Z,SJI_1400,0,0
sji,39496750,2018-05-04T07:37:17.49Z,SJI_1400,0,0
sji,39496774,2018-05-04T07:39:30.14Z,SJI_1400,0,0
sji,39496798,2018-05-04T07:41:42.80Z,SJI_1400,0,0
sji,39496822,2018-05-04T07:43:55.42Z,SJI_1400,0,0
sji,39496846,2018-05-04T07:46:08.05Z,SJI_1400,0,0
sji,39496870,2018-05-04T07:48:20.70Z,SJI_1400,0,0
sji,39496894,2018-05-04T07:50:33.36Z,SJI_1400,0,0
sji,39496918,2018-05-04T07:52:45.99Z,SJI_1400,0,0
sji,39496942,2018-05-04T07:54:58.61Z,SJI_1400,0,0
sji,39496966,2018-05-04T07:57:11.27Z,SJI_1400,0,0
sji,39496990,2018-05-04T07:59:23.92Z,SJI_1400,0,0
sji,39497014,2018-05-04T08:01:36.55Z,SJI_1400,0,0
sji,39497038,2018-05-04T08:03:49.17Z,SJI_1400,0,0
sji,39497062,2018-05-04T08:06:01.83Z,SJI_1400,0,0
sji,39497086,2018-05-04T08:08:14.45Z,SJI_1400,0,0
sji,39497110,2018-05-04T08:10:27.11Z,SJI_1400,0,0
sji,39497134,2018-05-04T08:12:39.74Z,SJI_1400,0,0
sji,39497158,2018-05-04T08:14:52.39Z,SJI_1400,0,0
sji,39497182,2018-05-04T08:17:05.05Z,SJI_1400,0,0
sji,39497206,2018-05-04T08:19:17.67Z,SJI_1400,0,0
sji,39497230,2018-05-04T08:21:30.33Z,SJI_1400,0,0
sji,39497254,2018-05-04T08:23:42.95Z,SJI_1400,0,0
sji,39497278,2018-05-04T08:25:55.58Z,SJI_1400,0,0
sji,39497302,2018-05-04T08:28:08.24Z,SJI_1400,0,0
sji,39497326,2018-05-04T08:30:20.86Z,SJI_1400,0,0
sji,39497542,2018-05-04T08:50:14.64Z,SJI_1400,0,0
sji,39497566,2018-05-04T08:52:27.30Z,SJI_1400,0,0
sji,39497590,2018-05-04T08:54:39.92Z,SJI_1400,0,0
sji,39497614,2018-05-04T08:56:52.58Z,SJI_1400,0,0
sji,39497638,2018-05-04T08:59:05.20Z,SJI_1400,0,0
sji,39497662,2018-05-04T09:01:17.83Z,SJI_1400,0,0
sji,39497686,2018-05-04T09:03:30.49Z,SJI_1400,0,0
sji,39497710,2018-05-04T09:05:43.14Z,SJI_1400,0,0
sji,39497734,2018-05-04T09:07:55.77Z,SJI_1400,0,0
sji,39497758,2018-05-04T09:10:08.42Z,SJI_1400,0,0
sji,39497782,2018-05-04T09:12:21.05Z,SJI_1400,0,0
sji,39497806,2018-05-04T09:14:33.67Z,SJI_1400,0,0
sji,39497830,2018-05-04T09:16:46.33Z,SJI_1400,0,0
sji,39497854,2018-05-04T09:18:58.95Z,SJI_1400,0,0
sji,39497878,2018-05-04T09:21:11.61Z,SJI_1400,0,0
sji,39497902,2018-05-04T09:23:24.24Z,SJI_1400,0,0
sji,39497926,2018-05-04T09:25:36.89Z,SJI_1400,0,0
sji,39497950,2018-05-04T09:27:49.55Z,SJI_1400,0,0
sji,39497974,2018-05-04T09:30:02.17Z,SJI_1400,0,0
sji,39497998,2018-05-04T09:32:14.80Z,SJI_1400,0,0
sji,39498022,2018-05-04T09:34:27.45Z,SJI_1400,0,0
sji,39498046,2018-05-04T09:36:40.08Z,SJI_1400,0,0
sji,39498070,2018-05-04T09:38:52.74Z,SJI_1400,0,0
sji,39498094,2018-05-04T09:41:05.36Z,SJI_1400,0,0
sji,39498118,2018-05-04T09:43:18.02Z,SJI_1400,0,0
sji,39498142,2018-05-04T09:45:30.67Z,SJI_1400,0,0
sji,39498166,2018-05-04T09:47:43.30Z,SJI_1400,0,0
sji,39498190,2018-05-04T09:49:55.92Z,SJI_1400,0,0
sji,39498214,2018-05-04T09:52:08.58Z,SJI_1400,0,0
sji,39498238,2018-05-04T09:54:21.20Z,SJI_1400,0,0
sji,39498262,2018-05-04T09:56:33.86Z,SJI_1400,0,0
sji,39498286,2018-05-04T09:58:46.49Z,SJI_1400,0,0
sji,39498310,2018-05-04T10:00:59.14Z,SJI_1400,0,0
sji,39498334,2018-05-04T10:03:11.80Z,SJI_1400,0,0
sji,39498358,2018-05-04T10:05:24.42Z,SJI_1400,0,0
sji,39498382,2018-05-04T10:07:37.08Z,SJI_1400,0,0
sji,39498562,2018-05-04T10:24:11.86Z,SJI_1400,0,0
sji,39498586,2018-05-04T10:26:24.52Z,SJI_1400,0,0
sji,39498610,2018-05-04T10:28:37.14Z,SJI_1400,0,0
sji,39498634,2018-05-04T10:30:49.80Z,SJI_1400,0,0
sji,39498658,2018-05-04T10:33:02.42Z,SJI_1400,0,0
sji,39498682,2018-05-04T10:35:15.08Z,SJI_1400,0,0
sji,39498706,2018-05-04T10:37:27.70Z,SJI_1400,0,0
sji,39498730,2018-05-04T10:39:40.36Z,SJI_1400,0,0
sji,39498754,2018-05-04T10:41:52.99Z,SJI_1400,0,0
sji,39498778,2018-05-04T10:44:05.64Z,SJI_1400,0,0
sji,39498802,2018-05-04T10:46:18.27Z,SJI_1400,0,0
sji,39498826,2018-05-04T10:48:30.92Z,SJI_1400,0,0
sji,39498850,2018-05-04T10:50:43.55Z,SJI_1400,0,0
sji,39498874,2018-05-04T10:52:56.20Z,SJI_1400,0,0
sji,39498898,2018-05-04T10:55:08.83Z,SJI_1400,0,0
sji,39498922,2018-05-04T10:57:21.49Z,SJI_1400,0,0
sji,39498946,2018-05-04T10:59:34.11Z,SJI_1400,0,0
sji,39498970,2018-05-04T11:01:46.77Z,SJI_1400,0,0
sji,39498994,2018-05-04T11:03:59.39Z,SJI_1400,0,0
sji,39499018,2018-05-04T11:06:12.05Z,SJI_1400,0,0
sji,39499042,2018-05-04T11:08:24.67Z,SJI_1400,0,0
sji,39499066,2018-05-04T11:10:37.33Z,SJI_1400,0,0
sji,39499090,2018-05-04T11:12:49.95Z,SJI_1400,0,0
sji,39499114,2018-05-04T11:15:02.61Z,SJI_1400,0,0
sji,39499138,2018-05-04T11:17:15.24Z,SJI_1400,0,0
sji,39499162,2018-05-04T11:19:27.89Z,SJI_1400,0,0
sji,39499186,2018-05-04T11:21:40.52Z,SJI_1400,0,0
sji,39499210,2018-05-04T11:23:53.17Z,SJI_1400,0,0
sji,39499234,2018-05-04T11:26:05.80Z,SJI_1400,0,0
sji,39499258,2018-05-04T11:28:18.45Z,SJI_1400,0,0
sji,39499282,2018-05-04T11:30:31.08Z,SJI_1400,0,0
sji,39499306,2018-05-04T11:32:43.74Z,SJI_1400,0,0
sji,39499330,2018-05-04T11:34:56.36Z,SJI_1400,0,0
sji,39499354,2018-05-04T11:37:09.02Z,SJI_1400,0,0
sji,39499378,2018-05-04T11:39:21.64Z,SJI_1400,0,0
sji,39499402,2018-05-04T11:41:34.30Z,SJI_1400,0,0
sji,39499426,2018-05-04T11:43:46.92Z,SJI_1400,0,0
sji,39499450,2018-05-04T11:45:59.58Z,SJI_1400,0,0
sji,39499474,2018-05-04T11:48:12.20Z,SJI_1400,0,0
sji,39499498,2018-05-04T11:50:24.86Z,SJI_1400,0,0
sji,39499582,2018-05-04T11:58:09.08Z,SJI_1400,0,0
sji,39530129,2018-05-05T06:59:25.19Z,SJI_1400,0,0
sji,39530153,2018-05-05T07:01:37.91Z,SJI_1400,0,0
sji,39530177,2018-05-05T07:03:50.56Z,SJI_1400,0,0
sji,39530201,2018-05-05T07:06:03.25Z,SJI_1400,0,0
sji,39530225,2018-05-05T07:08:15.87Z,SJI_1400,0,0
sji,39530249,2018-05-05T07:10:28.49Z,SJI_1400,0,0
sji,39530273,2018-05-05T07:12:41.12Z,SJI_1400,0,0
sji,39530297,2018-05-05T07:14:53.74Z,SJI_1400,0,0
sji,39530513,2018-05-05T07:34:47.53Z,SJI_1400,0,0
sji,39530537,2018-05-05T07:37:00.16Z,SJI_1400,0,0
sji,39530561,2018-05-05T07:39:12.81Z,SJI_1400,0,0
sji,39530585,2018-05-05T07:41:25.45Z,SJI_1400,0,0
sji,39530609,2018-05-05T07:43:38.11Z,SJI_1400,0,0
sji,39530633,2018-05-05T07:45:50.71Z,SJI_1400,0,0
sji,39530657,2018-05-05T07:48:03.33Z,SJI_1400,0,0
sji,39530681,2018-05-05T07:50:15.99Z,SJI_1400,0,0
sji,39530705,2018-05-05T07:52:28.66Z,SJI_1400,0,0
sji,39530729,2018-05-05T07:54:41.28Z,SJI_1400,0,0
sji,39530753,2018-05-05T07:56:53.91Z,SJI_1400,0,0
sji,39530777,2018-05-05T07:59:06.59Z,SJI_1400,0,0
sji,39530801,2018-05-05T08:01:19.22Z,SJI_1400,0,0
sji,39530825,2018-05-05T08:03:31.81Z,SJI_1400,0,0
sji,39530849,2018-05-05T08:05:44.49Z,SJI_1400,0,0
sji,39530873,2018-05-05T08:07:57.13Z,SJI_1400,0,0
sji,39530897,2018-05-05T08:10:09.84Z,SJI_1400,0,0
sji,39530921,2018-05-05T08:12:22.44Z,SJI_1400,0,0
sji,39530945,2018-05-05T08:14:35.05Z,SJI_1400,0,0
sji,39530969,2018-05-05T08:16:47.68Z,SJI_1400,0,0
sji,39530993,2018-05-05T08:19:00.30Z,SJI_1400,0,0
sji,39531017,2018-05-05T08:21:12.96Z,SJI_1400,0,0
sji,39531041,2018-05-05T08:23:25.59Z,SJI_1400,0,0
sji,39531065,2018-05-05T08:25:38.30Z,SJI_1400,0,0
sji,39531089,2018-05-05T08:27:50.91Z,SJI_1400,0,0
sji,39531113,2018-05-05T08:30:03.56Z,SJI_1400,0,0
sji,39531137,2018-05-05T08:32:16.14Z,SJI_1400,0,0
sji,39531161,2018-05-05T08:34:28.80Z,SJI_1400,0,0
sji,39531185,2018-05-05T08:36:41.42Z,SJI_1400,0,0
sji,39531209,2018-05-05T08:38:54.06Z,SJI_1400,0,0
sji,39531233,2018-05-05T08:41:06.71Z,SJI_1400,0,0
sji,39531257,2018-05-05T08:43:19.39Z,SJI_1400,0,0
sji,39531281,2018-05-05T08:45:31.95Z,SJI_1400,0,0
sji,39531305,2018-05-05T08:47:44.65Z,SJI_1400,0,0
sji,39531329,2018-05-05T08:49:57.28Z,SJI_1400,0,0
sji,39531353,2018-05-05T08:52:09.91Z,SJI_1400,0,0
sji,39531557,2018-05-05T09:10:57.40Z,SJI_1400,0,0
sji,39531581,2018-05-05T09:13:10.09Z,SJI_1400,0,0
sji,39531605,2018-05-05T09:15:22.65Z,SJI_1400,0,0
sji,39531629,2018-05-05T09:17:35.27Z,SJI_1400,0,0
sji,39531653,2018-05-05T09:19:47.90Z,SJI_1400,0,0
sji,39531677,2018-05-05T09:22:00.55Z,SJI_1400,0,0
sji,39531701,2018-05-05T09:24:13.17Z,SJI_1400,0,0
sji,39531725,2018-05-05T09:26:25.85Z,SJI_1400,0,0
sji,39531749,2018-05-05T09:28:38.48Z,SJI_1400,0,0
sji,39531773,2018-05-05T09:30:51.15Z,SJI_1400,0,0
sji,39531797,2018-05-05T09:33:03.75Z,SJI_1400,0,0
sji,39531821,2018-05-05T09:35:16.43Z,SJI_1400,0,0
sji,39531845,2018-05-05T09:37:29.04Z,SJI_1400,0,0
sji,39531869,2018-05-05T09:39:41.72Z,SJI_1400,0,0
sji,39531893,2018-05-05T09:41:54.34Z,SJI_1400,0,0
sji,39531917,2018-05-05T09:44:07.02Z,SJI_1400,0,0
sji,39531941,2018-05-05T09:46:19.65Z,SJI_1400,0,0
sji,39531965,2018-05-05T09:48:32.34Z,SJI_1400,0,0
sji,39531989,2018-05-05T09:50:44.94Z,SJI_1400,0,0
sji,39532013,2018-05-05T09:52:57.58Z,SJI_1400,0,0
sji,39532037,2018-05-05T09:55:10.17Z,SJI_1400,0,0
sji,39532061,2018-05-05T09:57:22.89Z,SJI_1400,0,0
sji,39532085,2018-05-05T09:59:35.49Z,SJI_1400,0,0
sji,39532109,2018-05-05T10:01:48.10Z,SJI_1400,0,0
sji,39532133,2018-05-05T10:04:00.74Z,SJI_1400,0,0
sji,39532157,2018-05-05T10:06:13.36Z,SJI_1400,0,0
sji,39532181,2018-05-05T10:08:26.01Z,SJI_1400,0,0
sji,39532205,2018-05-05T10:10:38.67Z,SJI_1400,0,0
sji,39532229,2018-05-05T10:12:51.30Z,SJI_1400,0,0
sji,39532253,2018-05-05T10:15:03.95Z,SJI_1400,0,0
sji,39532277,2018-05-05T10:17:16.57Z,SJI_1400,0,0
sji,39532301,2018-05-05T10:19:29.25Z,SJI_1400,0,0
sji,39532325,2018-05-05T10:21:41.89Z,SJI_1400,0,0
sji,39532349,2018-05-05T10:23:54.55Z,SJI_1400,0,0
sji,39532373,2018-05-05T10:26:07.15Z,SJI_1400,0,0
sji,39532397,2018-05-05T10:28:19.83Z,SJI_1400,0,0
sji,39532421,2018-05-05T10:30:32.49Z,SJI_1400,0,0
sji,39532583,2018-05-05T10:45:27.74Z,SJI_1400,0,0
sji,39532607,2018-05-05T10:47:40.39Z,SJI_1400,0,0
sji,39532631,2018-05-05T10:49:53.02Z,SJI_1400,0,0
sji,39532655,2018-05-05T10:52:05.67Z,SJI_1400,0,0
sji,39532679,2018-05-05T10:54:18.30Z,SJI_1400,0,0
sji,39532703,2018-05-05T10:56:30.95Z,SJI_1400,0,0
sji,39532727,2018-05-05T10:58:43.61Z,SJI_1400,0,0
sji,39532751,2018-05-05T11:00:56.24Z,SJI_1400,0,0
sji,39532775,2018-05-05T11:03:08.86Z,SJI_1400,0,0
sji,39532799,2018-05-05T11:05:21.52Z,SJI_1400,0,0
sji,39532823,2018-05-05T11:07:34.17Z,SJI_1400,0,0
sji,39532847,2018-05-05T11:09:46.80Z,SJI_1400,0,0
sji,39532871,2018-05-05T11:11:59.42Z,SJI_1400,0,0
sji,39532895,2018-05-05T11:14:12.08Z,SJI_1400,0,0
sji,39532919,2018-05-05T11:16:24.70Z,SJI_1400,0,0
sji,39532943,2018-05-05T11:18:37.36Z,SJI_1400,0,0
sji,39532967,2018-05-05T11:20:50.02Z,SJI_1400,0,0
sji,39532991,2018-05-05T11:23:02.64Z,SJI_1400,0,0
sji,39533015,2018-05-05T11:25:15.30Z,SJI_1400,0,0
sji,39533039,2018-05-05T11:27:27.92Z,SJI_1400,0,0
sji,39533063,2018-05-05T11:29:40.55Z,SJI_1400,0,0
sji,39533087,2018-05-05T11:31:53.21Z,SJI_1400,0,0
sji,39533111,2018-05-05T11:34:05.83Z,SJI_1400,0,0
sji,39533135,2018-05-05T11:36:18.49Z,SJI_1400,0,0
sji,39533159,2018-05-05T11:38:31.11Z,SJI_1400,0,0
sji,39533183,2018-05-05T11:40:43.77Z,SJI_1400,0,0
sji,39533207,2018-05-05T11:42:56.42Z,SJI_1400,0,0
sji,39533231,2018-05-05T11:45:09.05Z,SJI_1400,0,0
sji,39533255,2018-05-05T11:47:21.67Z,SJI_1400,0,0
sji,39533279,2018-05-05T11:49:34.33Z,SJI_1400,0,0
sji,39533303,2018-05-05T11:51:46.95Z,SJI_1400,0,0
sji,39533327,2018-05-05T11:53:59.61Z,SJI_1400,0,0
sji,39533351,2018-05-05T11:56:12.27Z,SJI_1400,0,0
sji,39533375,2018-05-05T11:58:24.89Z,SJI_1400,0,0
sji,39533399,2018-05-05T12:00:37.55Z,SJI_1400,0,0
sji,39533423,2018-05-05T12:02:50.17Z,SJI_1400,0,0
sji,39562822,2018-05-06T07:07:58.08Z,SJI_1400,0,0
sji,39562846,2018-05-06T07:10:10.80Z,SJI_1400,0,0
sji,39562870,2018-05-06T07:12:23.46Z,SJI_1400,0,0
sji,39562894,2018-05-06T07:14:36.07Z,SJI_1400,0,0
sji,39562918,2018-05-06T07:16:48.74Z,SJI_1400,0,0
sji,39562942,2018-05-06T07:19:01.38Z,SJI_1400,0,0
sji,39562966,2018-05-06T07:21:14.00Z,SJI_1400,0,0
sji,39562990,2018-05-06T07:23:26.64Z,SJI_1400,0,0
sji,39563014,2018-05-06T07:25:39.33Z,SJI_1400,0,0
sji,39563038,2018-05-06T07:27:51.97Z,SJI_1400,0,0
sji,39563062,2018-05-06T07:30:04.56Z,SJI_1400,0,0
sji,39563086,2018-05-06T07:32:17.27Z,SJI_1400,0,0
sji,39563110,2018-05-06T07:34:29.87Z,SJI_1400,0,0
sji,39563134,2018-05-06T07:36:42.52Z,SJI_1400,0,0
sji,39563356,2018-05-06T07:57:09.42Z,SJI_1400,0,0
sji,39563380,2018-05-06T07:59:22.05Z,SJI_1400,0,0
sji,39563404,2018-05-06T08:01:34.70Z,SJI_1400,0,0
sji,39563428,2018-05-06T08:03:47.36Z,SJI_1400,0,0
sji,39563452,2018-05-06T08:05:59.99Z,SJI_1400,0,0
sji,39563476,2018-05-06T08:08:12.64Z,SJI_1400,0,0
sji,39563500,2018-05-06T08:10:25.27Z,SJI_1400,0,0
sji,39563524,2018-05-06T08:12:37.93Z,SJI_1400,0,0
sji,39563548,2018-05-06T08:14:50.55Z,SJI_1400,0,0
sji,39563572,2018-05-06T08:17:03.17Z,SJI_1400,0,0
sji,39563596,2018-05-06T08:19:15.83Z,SJI_1400,0,0
sji,39563620,2018-05-06T08:21:28.49Z,SJI_1400,0,0
sji,39563644,2018-05-06T08:23:41.11Z,SJI_1400,0,0
sji,39563668,2018-05-06T08:25:53.74Z,SJI_1400,0,0
sji,39563692,2018-05-06T08:28:06.39Z,SJI_1400,0,0
sji,39563716,2018-05-06T08:30:19.05Z,SJI_1400,0,0
sji,39563740,2018-05-06T08:32:31.67Z,SJI_1400,0,0
sji,39563764,2018-05-06T08:34:44.30Z,SJI_1400,0,0
sji,39563788,2018-05-06T08:36:56.96Z,SJI_1400,0,0
sji,39563812,2018-05-06T08:39:09.58Z,SJI_1400,0,0
sji,39563836,2018-05-06T08:41:22.24Z,SJI_1400,0,0
sji,39563860,2018-05-06T08:43:34.89Z,SJI_1400,0,0
sji,39563884,2018-05-06T08:45:47.52Z,SJI_1400,0,0
sji,39563908,2018-05-06T08:48:00.17Z,SJI_1400,0,0
sji,39563932,2018-05-06T08:50:12.80Z,SJI_1400,0,0
sji,39563956,2018-05-06T08:52:25.45Z,SJI_1400,0,0
sji,39563980,2018-05-06T08:54:38.08Z,SJI_1400,0,0
sji,39564004,2018-05-06T08:56:50.70Z,SJI_1400,0,0
sji,39564028,2018-05-06T08:59:03.36Z,SJI_1400,0,0
sji,39564052,2018-05-06T09:01:16.02Z,SJI_1400,0,0
sji,39564076,2018-05-06T09:03:28.64Z,SJI_1400,0,0
sji,39564100,2018-05-06T09:05:41.30Z,SJI_1400,0,0
sji,39564124,2018-05-06T09:07:53.92Z,SJI_1400,0,0
sji,39564148,2018-05-06T09:10:06.55Z,SJI_1400,0,0
sji,39564172,2018-05-06T09:12:19.20Z,SJI_1400,0,0
sji,39564196,2018-05-06T09:14:31.83Z,SJI_1400,0,0
sji,39564394,2018-05-06T09:32:46.17Z,SJI_1400,0,0
sji,39564418,2018-05-06T09:34:58.80Z,SJI_1400,0,0
sji,39564442,2018-05-06T09:37:11.46Z,SJI_1400,0,0
sji,39564466,2018-05-06T09:39:24.06Z,SJI_1400,0,0
sji,39564490,2018-05-06T09:41:36.73Z,SJI_1400,0,0
sji,39564514,2018-05-06T09:43:49.32Z,SJI_1400,0,0
sji,39564538,2018-05-06T09:46:01.97Z,SJI_1400,0,0
sji,39564562,2018-05-06T09:48:14.64Z,SJI_1400,0,0
sji,39564586,2018-05-06T09:50:27.27Z,SJI_1400,0,0
sji,39564610,2018-05-06T09:52:39.94Z,SJI_1400,0,0
sji,39564634,2018-05-06T09:54:52.59Z,SJI_1400,0,0
sji,39564658,2018-05-06T09:57:05.24Z,SJI_1400,0,0
sji,39564682,2018-05-06T09:59:17.87Z,SJI_1400,0,0
sji,39564706,2018-05-06T10:01:30.45Z,SJI_1400,0,0
sji,39564730,2018-05-06T10:03:43.10Z,SJI_1400,0,0
sji,39564754,2018-05-06T10:05:55.73Z,SJI_1400,0,0
sji,39564778,2018-05-06T10:08:08.41Z,SJI_1400,0,0
sji,39564802,2018-05-06T10:10:21.03Z,SJI_1400,0,0
sji,39564826,2018-05-06T10:12:33.71Z,SJI_1400,0,0
sji,39564850,2018-05-06T10:14:46.27Z,SJI_1400,0,0
sji,39564874,2018-05-06T10:16:58.92Z,SJI_1400,0,0
sji,39564904,2018-05-06T10:19:44.74Z,SJI_1400,0,0
sji,39564928,2018-05-06T10:21:57.39Z,SJI_1400,0,0
sji,39564952,2018-05-06T10:24:10.02Z,SJI_1400,0,0
sji,39564976,2018-05-06T10:26:22.67Z,SJI_1400,0,0
sji,39565000,2018-05-06T10:28:35.30Z,SJI_1400,0,0
sji,39565024,2018-05-06T10:30:47.95Z,SJI_1400,0,0
sji,39565048,2018-05-06T10:33:00.58Z,SJI_1400,0,0
sji,39565072,2018-05-06T10:35:13.24Z,SJI_1400,0,0
sji,39565096,2018-05-06T10:37:25.86Z,SJI_1400,0,0
sji,39565120,2018-05-06T10:39:38.52Z,SJI_1400,0,0
sji,39565144,2018-05-06T10:41:51.14Z,SJI_1400,0,0
sji,39565168,2018-05-06T10:44:03.80Z,SJI_1400,0,0
sji,39565192,2018-05-06T10:46:16.42Z,SJI_1400,0,0
sji,39565216,2018-05-06T10:48:29.08Z,SJI_1400,0,0
sji,39565240,2018-05-06T10:50:41.70Z,SJI_1400,0,0
sji,39565264,2018-05-06T10:52:54.36Z,SJI_1400,0,0
sji,39565414,2018-05-06T11:06:43.32Z,SJI_1400,0,0
sji,39565438,2018-05-06T11:08:55.97Z,SJI_1400,0,0
sji,39565462,2018-05-06T11:11:08.62Z,SJI_1400,0,0
sji,39565486,2018-05-06T11:13:21.27Z,SJI_1400,0,0
sji,39565510,2018-05-06T11:15:33.92Z,SJI_1400,0,0
sji,39565534,2018-05-06T11:17:46.52Z,SJI_1400,0,0
sji,39565558,2018-05-06T11:19:59.19Z,SJI_1400,0,0
sji,39565582,2018-05-06T11:22:11.81Z,SJI_1400,0,0
sji,39565606,2018-05-06T11:24:24.49Z,SJI_1400,0,0
sji,39565630,2018-05-06T11:26:37.09Z,SJI_1400,0,0
sji,39565654,2018-05-06T11:28:49.77Z,SJI_1400,0,0
sji,39565678,2018-05-06T11:31:02.44Z,SJI_1400,0,0
sji,39565702,2018-05-06T11:33:15.09Z,SJI_1400,0,0
sji,39565726,2018-05-06T11:35:27.69Z,SJI_1400,0,0
sji,39565750,2018-05-06T11:37:40.36Z,SJI_1400,0,0
sji,39565774,2018-05-06T11:39:52.98Z,SJI_1400,0,0
sji,39565798,2018-05-06T11:42:05.62Z,SJI_1400,0,0
sji,39565822,2018-05-06T11:44:18.24Z,SJI_1400,0,0
sji,39565846,2018-05-06T11:46:30.87Z,SJI_1400,0,0
sji,39565870,2018-05-06T11:48:43.52Z,SJI_1400,0,0
sji,39565894,2018-05-06T11:50:56.17Z,SJI_1400,0,0
sji,39565918,2018-05-06T11:53:08.87Z,SJI_1400,0,0
sji,39565942,2018-05-06T11:55:21.49Z,SJI_1400,0,0
sji,39565966,2018-05-06T11:57:34.05Z,SJI_1400,0,0
sji,39565990,2018-05-06T11:59:46.74Z,SJI_1400,0,0
sji,39566014,2018-05-06T12:01:59.36Z,SJI_1400,0,0
sji,39566038,2018-05-06T12:04:12.02Z,SJI_1400,0,0
sji,39496475,2018-05-04T07:11:33.09Z,SJI_2796,1,0
sji,39496478,2018-05-04T07:11:57.08Z,SJI_2796,1,0
sji,39496483,2018-05-04T07:12:41.99Z,SJI_2796,1,0
sji,39497335,2018-05-04T08:31:10.70Z,SJI_2796,1,0
sji,39497341,2018-05-04T08:31:43.77Z,SJI_2796,1,0
sji,39497347,2018-05-04T08:32:17.05Z,SJI_2796,1,0
sji,39497353,2018-05-04T08:32:50.08Z,SJI_2796,1,0
sji,39497359,2018-05-04T08:33:23.36Z,SJI_2796,1,0
sji,39497365,2018-05-04T08:33:56.39Z,SJI_2796,1,1
sji,39497371,2018-05-04T08:34:29.67Z,SJI_2796,1,1
sji,39497377,2018-05-04T08:35:02.74Z,SJI_2796,1,1
sji,39497383,2018-05-04T08:35:35.99Z,SJI_2796,1,0
sji,39497389,2018-05-04T08:36:09.05Z,SJI_2796,1,2
sji,39497395,2018-05-04T08:36:42.33Z,SJI_2796,1,1
sji,39497401,2018-05-04T08:37:15.36Z,SJI_2796,1,1
sji,39497407,2018-05-04T08:37:48.64Z,SJI_2796,1,0
sji,39497413,2018-05-04T08:38:21.67Z,SJI_2796,1,0
sji,39497419,2018-05-04T08:38:54.95Z,SJI_2796,1,0
sji,39497425,2018-05-04T08:39:28.02Z,SJI_2796,1,1
sji,39497431,2018-05-04T08:40:01.27Z,SJI_2796,1,1
sji,39497437,2018-05-04T08:40:34.33Z,SJI_2796,1,4
sji,39497443,2018-05-04T08:41:07.61Z,SJI_2796,1,3
sji,39497449,2018-05-04T08:41:40.64Z,SJI_2796,1,3
sji,39497455,2018-05-04T08:42:13.92Z,SJI_2796,1,2
sji,39497461,2018-05-04T08:42:46.95Z,SJI_2796,1,2
sji,39497467,2018-05-04T08:43:20.24Z,SJI_2796,1,0
sji,39497473,2018-05-04T08:43:53.30Z,SJI_2796,1,2
sji,39497479,2018-05-04T08:44:26.55Z,SJI_2796,1,2
sji,39497485,2018-05-04T08:44:59.61Z,SJI_2796,1,0
sji,39497491,2018-05-04T08:45:32.89Z,SJI_2796,1,1
sji,39497497,2018-05-04T08:46:05.92Z,SJI_2796,1,0
sji,39497503,2018-05-04T08:46:39.20Z,SJI_2796,1,0
sji,39497509,2018-05-04T08:47:12.24Z,SJI_2796,1,0
sji,39497515,2018-05-04T08:47:45.52Z,SJI_2796,1,0
sji,39497521,2018-05-04T08:48:18.58Z,SJI_2796,1,0
sji,39498409,2018-05-04T10:10:06.27Z,SJI_2796,1,0
sji,39498415,2018-05-04T10:10:39.55Z,SJI_2796,1,0
sji,39498421,2018-05-04T10:11:12.58Z,SJI_2796,1,0
sji,39498427,2018-05-04T10:11:45.86Z,SJI_2796,1,1
sji,39498433,2018-05-04T10:12:18.92Z,SJI_2796,1,0
sji,39498439,2018-05-04T10:12:52.17Z,SJI_2796,1,0
sji,39498445,2018-05-04T10:13:25.24Z,SJI_2796,1,0
sji,39498451,2018-05-04T10:13:58.52Z,SJI_2796,1,0
sji,39498457,2018-05-04T10:14:31.55Z,SJI_2796,1,1
sji,39498463,2018-05-04T10:15:04.83Z,SJI_2796,1,1
sji,39498469,2018-05-04T10:15:37.86Z,SJI_2796,1,2
sji,39498475,2018-05-04T10:16:11.14Z,SJI_2796,1,1
sji,39498481,2018-05-04T10:16:44.20Z,SJI_2796,1,1
sji,39498487,2018-05-04T10:17:17.45Z,SJI_2796,1,1
sji,39498493,2018-05-04T10:17:50.52Z,SJI_2796,1,4
sji,39498499,2018-05-04T10:18:23.80Z,SJI_2796,1,11
sji,39498505,2018-05-04T10:18:56.83Z,SJI_2796,1,4
sji,39498511,2018-05-04T10:19:30.11Z,SJI_2796,1,5
sji,39498517,2018-05-04T10:20:03.14Z,SJI_2796,1,4
sji,39498523,2018-05-04T10:20:36.42Z,SJI_2796,1,0
sji,39498529,2018-05-04T10:21:09.49Z,SJI_2796,1,1
sji,39498535,2018-05-04T10:21:42.74Z,SJI_2796,1,0
sji,39498541,2018-05-04T10:22:15.80Z,SJI_2796,1,0
sji,39498547,2018-05-04T10:22:49.08Z,SJI_2796,1,0
sji,39498553,2018-05-04T10:23:22.11Z,SJI_2796,1,0
sji,39499501,2018-05-04T11:50:41.42Z,SJI_2796,1,0
sji,39499507,2018-05-04T11:51:14.70Z,SJI_2796,1,0
sji,39499513,2018-05-04T11:51:47.74Z,SJI_2796,1,0
sji,39499519,2018-05-04T11:52:21.02Z,SJI_2796,1,0
sji,39499525,2018-05-04T11:52:54.05Z,SJI_2796,1,0
sji,39499531,2018-05-04T11:53:27.33Z,SJI_2796,1,0
sji,39499537,2018-05-04T11:54:00.39Z,SJI_2796,1,0
sji,39499543,2018-05-04T11:54:33.64Z,SJI_2796,1,0
sji,39499549,2018-05-04T11:55:06.70Z,SJI_2796,1,0
sji,39499555,2018-05-04T11:55:39.99Z,SJI_2796,1,0
sji,39530318,2018-05-05T07:16:49.77Z,SJI_2796,1,0
sji,39530324,2018-05-05T07:17:23.05Z,SJI_2796,1,0
sji,39530330,2018-05-05T07:17:56.11Z,SJI_2796,1,1
sji,39530336,2018-05-05T07:18:29.36Z,SJI_2796,1,0
sji,39530342,2018-05-05T07:19:02.42Z,SJI_2796,1,0
sji,39530348,2018-05-05T07:19:35.70Z,SJI_2796,1,0
sji,39530354,2018-05-05T07:20:08.74Z,SJI_2796,1,0
sji,39530360,2018-05-05T07:20:42.02Z,SJI_2796,1,0
sji,39530366,2018-05-05T07:21:15.05Z,SJI_2796,1,1
sji,39530372,2018-05-05T07:21:48.33Z,SJI_2796,1,0
sji,39530378,2018-05-05T07:22:21.39Z,SJI_2796,1,4
sji,39530384,2018-05-05T07:22:54.64Z,SJI_2796,1,0
sji,39530390,2018-05-05T07:23:27.70Z,SJI_2796,1,0
sji,39530396,2018-05-05T07:24:00.99Z,SJI_2796,1,0
sji,39530402,2018-05-05T07:24:34.02Z,SJI_2796,1,0
sji,39530408,2018-05-05T07:25:07.30Z,SJI_2796,1,0
sji,39530414,2018-05-05T07:25:40.33Z,SJI_2796,1,1
sji,39530420,2018-05-05T07:26:13.61Z,SJI_2796,1,0
sji,39530426,2018-05-05T07:26:46.67Z,SJI_2796,1,1
sji,39530432,2018-05-05T07:27:19.92Z,SJI_2796,1,0
sji,39530438,2018-05-05T07:27:52.99Z,SJI_2796,1,0
sji,39530444,2018-05-05T07:28:26.27Z,SJI_2796,1,0
sji,39530450,2018-05-05T07:28:59.30Z,SJI_2796,1,0
sji,39530456,2018-05-05T07:29:32.58Z,SJI_2796,1,0
sji,39530462,2018-05-05T07:30:05.61Z,SJI_2796,1,0
sji,39530468,2018-05-05T07:30:38.89Z,SJI_2796,1,0
sji,39530474,2018-05-05T07:31:11.95Z,SJI_2796,1,0
sji,39530480,2018-05-05T07:31:45.20Z,SJI_2796,1,0
sji,39530486,2018-05-05T07:32:18.27Z,SJI_2796,1,0
sji,39530492,2018-05-05T07:32:51.55Z,SJI_2796,1,0
sji,39530498,2018-05-05T07:33:24.58Z,SJI_2796,1,0
sji,39530504,2018-05-05T07:33:57.86Z,SJI_2796,1,0
sji,39531362,2018-05-05T08:52:59.64Z,SJI_2796,1,0
sji,39531368,2018-05-05T08:53:32.92Z,SJI_2796,1,0
sji,39531374,2018-05-05T08:54:05.95Z,SJI_2796,1,0
sji,39531380,2018-05-05T08:54:39.24Z,SJI_2796,1,0
sji,39531386,2018-05-05T08:55:12.30Z,SJI_2796,1,0
sji,39531392,2018-05-05T08:55:45.55Z,SJI_2796,1,1
sji,39531398,2018-05-05T08:56:18.61Z,SJI_2796,1,2
sji,39531404,2018-05-05T08:56:51.89Z,SJI_2796,1,1
sji,39531410,2018-05-05T08:57:24.92Z,SJI_2796,1,0
sji,39531416,2018-05-05T08:57:58.20Z,SJI_2796,1,0
sji,39531422,2018-05-05T08:58:31.24Z,SJI_2796,1,1
sji,39531428,2018-05-05T08:59:04.52Z,SJI_2796,1,1
sji,39531434,2018-05-05T08:59:37.58Z,SJI_2796,1,2
sji,39531440,2018-05-05T09:00:10.83Z,SJI_2796,1,1
sji,39531446,2018-05-05T09:00:43.89Z,SJI_2796,1,1
sji,39531452,2018-05-05T09:01:17.17Z,SJI_2796,1,1
sji,39531458,2018-05-05T09:01:50.20Z,SJI_2796,1,1
sji,39531464,2018-05-05T09:02:23.49Z,SJI_2796,1,1
sji,39531470,2018-05-05T09:02:56.52Z,SJI_2796,1,2
sji,39531476,2018-05-05T09:03:29.80Z,SJI_2796,1,2
sji,39531482,2018-05-05T09:04:02.86Z,SJI_2796,1,1
sji,39531488,2018-05-05T09:04:36.11Z,SJI_2796,1,6
sji,39531494,2018-05-05T09:05:09.17Z,SJI_2796,1,2
sji,39531500,2018-05-05T09:05:42.45Z,SJI_2796,1,0
sji,39531506,2018-05-05T09:06:15.49Z,SJI_2796,1,1
sji,39531512,2018-05-05T09:06:48.77Z,SJI_2796,1,0
sji,39531518,2018-05-05T09:07:21.80Z,SJI_2796,1,0
sji,39531524,2018-05-05T09:07:55.08Z,SJI_2796,1,0
sji,39531530,2018-05-05T09:08:28.14Z,SJI_2796,1,0
sji,39531536,2018-05-05T09:09:01.39Z,SJI_2796,1,0
sji,39531542,2018-05-05T09:09:34.45Z,SJI_2796,1,0
sji,39532436,2018-05-05T10:31:55.42Z,SJI_2796,1,1
sji,39532442,2018-05-05T10:32:28.49Z,SJI_2796,1,0
sji,39532448,2018-05-05T10:33:01.74Z,SJI_2796,1,1
sji,39532454,2018-05-05T10:33:34.80Z,SJI_2796,1,0
sji,39532460,2018-05-05T10:34:08.08Z,SJI_2796,1,0
sji,39532466,2018-05-05T10:34:41.11Z,SJI_2796,1,0
sji,39532472,2018-05-05T10:35:14.39Z,SJI_2796,1,0
sji,39532478,2018-05-05T10:35:47.42Z,SJI_2796,1,0
sji,39532502,2018-05-05T10:38:00.08Z,SJI_2796,1,0
sji,39532508,2018-05-05T10:38:33.36Z,SJI_2796,1,1
sji,39532514,2018-05-05T10:39:06.39Z,SJI_2796,1,1
sji,39532520,2018-05-05T10:39:39.67Z,SJI_2796,1,3
sji,39532526,2018-05-05T10:40:12.70Z,SJI_2796,1,3
sji,39532532,2018-05-05T10:40:45.99Z,SJI_2796,1,2
sji,39532538,2018-05-05T10:41:19.05Z,SJI_2796,1,2
sji,39532544,2018-05-05T10:41:52.30Z,SJI_2796,1,0
sji,39532550,2018-05-05T10:42:25.36Z,SJI_2796,1,0
sji,39532556,2018-05-05T10:42:58.64Z,SJI_2796,1,0
sji,39532562,2018-05-05T10:43:31.67Z,SJI_2796,1,0
sji,39532568,2018-05-05T10:44:04.95Z,SJI_2796,1,0
sji,39532574,2018-05-05T10:44:37.99Z,SJI_2796,1,0
sji,39563149,2018-05-06T07:38:05.49Z,SJI_2796,1,0
sji,39563155,2018-05-06T07:38:38.55Z,SJI_2796,1,0
sji,39563161,2018-05-06T07:39:11.83Z,SJI_2796,1,0
sji,39563167,2018-05-06T07:39:44.86Z,SJI_2796,1,0
sji,39563173,2018-05-06T07:40:18.14Z,SJI_2796,1,2
sji,39563179,2018-05-06T07:40:51.17Z,SJI_2796,1,0
sji,39563185,2018-05-06T07:41:24.45Z,SJI_2796,1,0
sji,39563191,2018-05-06T07:41:57.52Z,SJI_2796,1,0
sji,39563197,2018-05-06T07:42:30.77Z,SJI_2796,1,1
sji,39563203,2018-05-06T07:43:03.83Z,SJI_2796,1,1
sji,39563209,2018-05-06T07:43:37.11Z,SJI_2796,1,0
sji,39563215,2018-05-06T07:44:10.14Z,SJI_2796,1,1
sji,39563221,2018-05-06T07:44:43.42Z,SJI_2796,1,1
sji,39563227,2018-05-06T07:45:16.45Z,SJI_2796,1,0
sji,39563233,2018-05-06T07:45:49.74Z,SJI_2796,1,0
sji,39563239,2018-05-06T07:46:22.80Z,SJI_2796,1,0
sji,39563245,2018-05-06T07:46:56.05Z,SJI_2796,1,1
sji,39563251,2018-05-06T07:47:29.11Z,SJI_2796,1,0
sji,39563257,2018-05-06T07:48:02.39Z,SJI_2796,1,1
sji,39563263,2018-05-06T07:48:35.42Z,SJI_2796,1,2
sji,39563269,2018-05-06T07:49:08.70Z,SJI_2796,1,2
sji,39563275,2018-05-06T07:49:41.74Z,SJI_2796,1,1
sji,39563281,2018-05-06T07:50:15.02Z,SJI_2796,1,1
sji,39563287,2018-05-06T07:50:48.08Z,SJI_2796,1,0
sji,39563293,2018-05-06T07:51:21.33Z,SJI_2796,1,0
sji,39563299,2018-05-06T07:51:54.39Z,SJI_2796,1,0
sji,39563305,2018-05-06T07:52:27.67Z,SJI_2796,1,0
sji,39563311,2018-05-06T07:53:00.70Z,SJI_2796,1,0
sji,39563317,2018-05-06T07:53:33.99Z,SJI_2796,1,0
sji,39563323,2018-05-06T07:54:07.02Z,SJI_2796,1,0
sji,39563329,2018-05-06T07:54:40.30Z,SJI_2796,1,0
sji,39563335,2018-05-06T07:55:13.36Z,SJI_2796,1,0
sji,39564205,2018-05-06T09:15:21.67Z,SJI_2796,1,0
sji,39564211,2018-05-06T09:15:54.74Z,SJI_2796,1,0
sji,39564217,2018-05-06T09:16:28.02Z,SJI_2796,1,1
sji,39564223,2018-05-06T09:17:01.05Z,SJI_2796,1,1
sji,39564229,2018-05-06T09:17:34.33Z,SJI_2796,1,0
sji,39564235,2018-05-06T09:18:07.36Z,SJI_2796,1,1
sji,39564241,2018-05-06T09:18:40.64Z,SJI_2796,1,1
sji,39564247,2018-05-06T09:19:13.70Z,SJI_2796,1,0
sji,39564253,2018-05-06T09:19:46.95Z,SJI_2796,1,0
sji,39564259,2018-05-06T09:20:20.02Z,SJI_2796,1,0
sji,39564265,2018-05-06T09:20:53.30Z,SJI_2796,1,0
sji,39564271,2018-05-06T09:21:26.33Z,SJI_2796,1,0
sji,39564277,2018-05-06T09:21:59.61Z,SJI_2796,1,0
sji,39564283,2018-05-06T09:22:32.64Z,SJI_2796,1,1
sji,39564289,2018-05-06T09:23:05.92Z,SJI_2796,1,1
sji,39564295,2018-05-06T09:23:38.99Z,SJI_2796,1,2
sji,39564301,2018-05-06T09:24:12.24Z,SJI_2796,1,4
sji,39564307,2018-05-06T09:24:45.30Z,SJI_2796,1,0
sji,39564313,2018-05-06T09:25:18.58Z,SJI_2796,1,6
sji,39564319,2018-05-06T09:25:51.61Z,SJI_2796,1,2
sji,39564325,2018-05-06T09:26:24.89Z,SJI_2796,1,1
sji,39564331,2018-05-06T09:26:57.93Z,SJI_2796,1,0
sji,39564337,2018-05-06T09:27:31.20Z,SJI_2796,1,1
sji,39564343,2018-05-06T09:28:04.27Z,SJI_2796,1,0
sji,39564349,2018-05-06T09:28:37.52Z,SJI_2796,1,0
sji,39564355,2018-05-06T09:29:10.58Z,SJI_2796,1,0
sji,39564361,2018-05-06T09:29:43.86Z,SJI_2796,1,0
sji,39564367,2018-05-06T09:30:16.89Z,SJI_2796,1,1
sji,39564373,2018-05-06T09:30:50.17Z,SJI_2796,1,0
sji,39565279,2018-05-06T10:54:17.24Z,SJI_2796,1,0
sji,39565285,2018-05-06T10:54:50.52Z,SJI_2796,1,1
sji,39565291,2018-05-06T10:55:23.55Z,SJI_2796,1,0
sji,39565297,2018-05-06T10:55:56.83Z,SJI_2796,1,0
sji,39565303,2018-05-06T10:56:29.89Z,SJI_2796,1,0
sji,39565309,2018-05-06T10:57:03.14Z,SJI_2796,1,0
sji,39565315,2018-05-06T10:57:36.20Z,SJI_2796,1,0
sji,39565321,2018-05-06T10:58:09.49Z,SJI_2796,1,0
sji,39565327,2018-05-06T10:58:42.52Z,SJI_2796,1,1
sji,39565333,2018-05-06T10:59:15.80Z,SJI_2796,1,1
sji,39565339,2018-05-06T10:59:48.83Z,SJI_2796,1,1
sji,39565345,2018-05-06T11:00:22.11Z,SJI_2796,1,1
sji,39565351,2018-05-06T11:00:55.17Z,SJI_2796,1,3
sji,39565357,2018-05-06T11:01:28.42Z,SJI_2796,1,2
sji,39565363,2018-05-06T11:02:01.49Z,SJI_2796,1,1
sji,39565369,2018-05-06T11:02:34.77Z,SJI_2796,1,0
sji,39565375,2018-05-06T11:03:07.80Z,SJI_2796,1,1
sji,39565381,2018-05-06T11:03:41.08Z,SJI_2796,1,2
sji,39565387,2018-05-06T11:04:14.11Z,SJI_2796,1,0
sji,39565393,2018-05-06T11:04:47.39Z,SJI_2796,1,1
sji,39496489,2018-05-04T07:13:15.02Z,SJI_2796,0,0
sji,39496513,2018-05-04T07:15:27.67Z,SJI_2796,0,0
sji,39496537,2018-05-04T07:17:40.30Z,SJI_2796,0,0
sji,39496561,2018-05-04T07:19:52.95Z,SJI_2796,0,0
sji,39496585,2018-05-04T07:22:05.58Z,SJI_2796,0,0
sji,39496609,2018-05-04T07:24:18.24Z,SJI_2796,0,0
sji,39496633,2018-05-04T07:26:30.86Z,SJI_2796,0,0
sji,39496657,2018-05-04T07:28:43.52Z,SJI_2796,0,0
sji,39496681,2018-05-04T07:30:56.14Z,SJI_2796,0,0
sji,39496705,2018-05-04T07:33:08.80Z,SJI_2796,0,0
sji,39496729,2018-05-04T07:35:21.42Z,SJI_2796,0,0
sji,39496753,2018-05-04T07:37:34.08Z,SJI_2796,0,0
sji,39496777,2018-05-04T07:39:46.70Z,SJI_2796,0,0
sji,39496801,2018-05-04T07:41:59.36Z,SJI_2796,0,0
sji,39496825,2018-05-04T07:44:11.99Z,SJI_2796,0,0
sji,39496849,2018-05-04T07:46:24.64Z,SJI_2796,0,0
sji,39496873,2018-05-04T07:48:37.27Z,SJI_2796,0,0
sji,39496897,2018-05-04T07:50:49.92Z,SJI_2796,0,0
sji,39496921,2018-05-04T07:53:02.55Z,SJI_2796,0,0
sji,39496945,2018-05-04T07:55:15.20Z,SJI_2796,0,0
sji,39496969,2018-05-04T07:57:27.83Z,SJI_2796,0,0
sji,39496993,2018-05-04T07:59:40.49Z,SJI_2796,0,0
sji,39497017,2018-05-04T08:01:53.11Z,SJI_2796,0,0
sji,39497041,2018-05-04T08:04:05.77Z,SJI_2796,0,0
sji,39497065,2018-05-04T08:06:18.39Z,SJI_2796,0,0
sji,39497089,2018-05-04T08:08:31.05Z,SJI_2796,0,0
sji,39497113,2018-05-04T08:10:43.67Z,SJI_2796,0,0
sji,39497137,2018-05-04T08:12:56.33Z,SJI_2796,0,0
sji,39497161,2018-05-04T08:15:08.95Z,SJI_2796,0,0
sji,39497185,2018-05-04T08:17:21.61Z,SJI_2796,0,0
sji,39497209,2018-05-04T08:19:34.24Z,SJI_2796,0,0
sji,39497233,2018-05-04T08:21:46.89Z,SJI_2796,0,0
sji,39497257,2018-05-04T08:23:59.52Z,SJI_2796,0,0
sji,39497281,2018-05-04T08:26:12.17Z,SJI_2796,0,0
sji,39497305,2018-05-04T08:28:24.80Z,SJI_2796,0,0
sji,39497329,2018-05-04T08:30:37.45Z,SJI_2796,0,0
sji,39497545,2018-05-04T08:50:31.20Z,SJI_2796,0,0
sji,39497569,2018-05-04T08:52:43.86Z,SJI_2796,0,0
sji,39497593,2018-05-04T08:54:56.49Z,SJI_2796,0,0
sji,39497617,2018-05-04T08:57:09.14Z,SJI_2796,0,0
sji,39497641,2018-05-04T08:59:21.77Z,SJI_2796,0,0
sji,39497665,2018-05-04T09:01:34.42Z,SJI_2796,0,0
sji,39497689,2018-05-04T09:03:47.05Z,SJI_2796,0,0
sji,39497713,2018-05-04T09:05:59.70Z,SJI_2796,0,0
sji,39497737,2018-05-04T09:08:12.33Z,SJI_2796,0,0
sji,39497761,2018-05-04T09:10:24.99Z,SJI_2796,0,0
sji,39497785,2018-05-04T09:12:37.61Z,SJI_2796,0,0
sji,39497809,2018-05-04T09:14:50.27Z,SJI_2796,0,0
sji,39497833,2018-05-04T09:17:02.89Z,SJI_2796,0,0
sji,39497857,2018-05-04T09:19:15.55Z,SJI_2796,0,0
sji,39497881,2018-05-04T09:21:28.17Z,SJI_2796,0,0
sji,39497905,2018-05-04T09:23:40.83Z,SJI_2796,0,0
sji,39497929,2018-05-04T09:25:53.45Z,SJI_2796,0,0
sji,39497953,2018-05-04T09:28:06.11Z,SJI_2796,0,0
sji,39497977,2018-05-04T09:30:18.74Z,SJI_2796,0,0
sji,39498001,2018-05-04T09:32:31.39Z,SJI_2796,0,0
sji,39498025,2018-05-04T09:34:44.02Z,SJI_2796,0,0
sji,39498049,2018-05-04T09:36:56.67Z,SJI_2796,0,0
sji,39498073,2018-05-04T09:39:09.30Z,SJI_2796,0,0
sji,39498097,2018-05-04T09:41:21.95Z,SJI_2796,0,0
sji,39498121,2018-05-04T09:43:34.58Z,SJI_2796,0,0
sji,39498145,2018-05-04T09:45:47.24Z,SJI_2796,0,0
sji,39498169,2018-05-04T09:47:59.86Z,SJI_2796,0,0
sji,39498193,2018-05-04T09:50:12.52Z,SJI_2796,0,0
sji,39498217,2018-05-04T09:52:25.14Z,SJI_2796,0,0
sji,39498241,2018-05-04T09:54:37.80Z,SJI_2796,0,0
sji,39498265,2018-05-04T09:56:50.42Z,SJI_2796,0,0
sji,39498289,2018-05-04T09:59:03.08Z,SJI_2796,0,0
sji,39498313,2018-05-04T10:01:15.70Z,SJI_2796,0,0
sji,39498337,2018-05-04T10:03:28.36Z,SJI_2796,0,0
sji,39498361,2018-05-04T10:05:40.99Z,SJI_2796,0,0
sji,39498385,2018-05-04T10:07:53.64Z,SJI_2796,0,0
sji,39498559,2018-05-04T10:23:55.39Z,SJI_2796,0,0
sji,39498583,2018-05-04T10:26:08.02Z,SJI_2796,0,0
sji,39498607,2018-05-04T10:28:20.67Z,SJI_2796,0,0
sji,39498631,2018-05-04T10:30:33.30Z,SJI_2796,0,0
sji,39498655,2018-05-04T10:32:45.95Z,SJI_2796,0,0
sji,39498679,2018-05-04T10:34:58.58Z,SJI_2796,0,0
sji,39498703,2018-05-04T10:37:11.24Z,SJI_2796,0,0
sji,39498727,2018-05-04T10:39:23.86Z,SJI_2796,0,0
sji,39498751,2018-05-04T10:41:36.52Z,SJI_2796,0,0
sji,39498775,2018-05-04T10:43:49.14Z,SJI_2796,0,0
sji,39498799,2018-05-04T10:46:01.80Z,SJI_2796,0,0
sji,39498823,2018-05-04T10:48:14.42Z,SJI_2796,0,0
sji,39498847,2018-05-04T10:50:27.08Z,SJI_2796,0,0
sji,39498871,2018-05-04T10:52:39.70Z,SJI_2796,0,0
sji,39498895,2018-05-04T10:54:52.36Z,SJI_2796,0,0
sji,39498919,2018-05-04T10:57:04.99Z,SJI_2796,0,0
sji,39498943,2018-05-04T10:59:17.64Z,SJI_2796,0,0
sji,39498967,2018-05-04T11:01:30.27Z,SJI_2796,0,0
sji,39498991,2018-05-04T11:03:42.92Z,SJI_2796,0,0
sji,39499015,2018-05-04T11:05:55.55Z,SJI_2796,0,0
sji,39499039,2018-05-04T11:08:08.20Z,SJI_2796,0,0
sji,39499063,2018-05-04T11:10:20.83Z,SJI_2796,0,0
sji,39499087,2018-05-04T11:12:33.49Z,SJI_2796,0,0
sji,39499111,2018-05-04T11:14:46.11Z,SJI_2796,0,0
sji,39499135,2018-05-04T11:16:58.77Z,SJI_2796,0,0
sji,39499159,2018-05-04T11:19:11.39Z,SJI_2796,0,0
sji,39499183,2018-05-04T11:21:24.05Z,SJI_2796,0,0
sji,39499207,2018-05-04T11:23:36.67Z,SJI_2796,0,0
sji,39499231,2018-05-04T11:25:49.33Z,SJI_2796,0,0
sji,39499255,2018-05-04T11:28:01.95Z,SJI_2796,0,0
sji,39499279,2018-05-04T11:30:14.61Z,SJI_2796,0,0
sji,39499303,2018-05-04T11:32:27.24Z,SJI_2796,0,0
sji,39499327,2018-05-04T11:34:39.89Z,SJI_2796,0,0
sji,39499351,2018-05-04T11:36:52.52Z,SJI_2796,0,0
sji,39499375,2018-05-04T11:39:05.17Z,SJI_2796,0,0
sji,39499399,2018-05-04T11:41:17.80Z,SJI_2796,0,0
sji,39499423,2018-05-04T11:43:30.45Z,SJI_2796,0,0
sji,39499447,2018-05-04T11:45:43.08Z,SJI_2796,0,0
sji,39499471,2018-05-04T11:47:55.74Z,SJI_2796,0,0
sji,39499495,2018-05-04T11:50:08.36Z,SJI_2796,0,0
sji,39499579,2018-05-04T11:57:52.61Z,SJI_2796,0,0
sji,39530124,2018-05-05T06:58:33.02Z,SJI_2796,0,0
sji,39530144,2018-05-05T07:00:48.24Z,SJI_2796,0,0
sji,39530168,2018-05-05T07:03:00.89Z,SJI_2796,0,0
sji,39530192,2018-05-05T07:05:13.52Z,SJI_2796,0,0
sji,39530216,2018-05-05T07:07:26.17Z,SJI_2796,0,0
sji,39530240,2018-05-05T07:09:38.80Z,SJI_2796,0,0
sji,39530264,2018-05-05T07:11:51.45Z,SJI_2796,0,0
sji,39530288,2018-05-05T07:14:04.08Z,SJI_2796,0,0
sji,39530312,2018-05-05T07:16:16.74Z,SJI_2796,0,0
sji,39530528,2018-05-05T07:36:10.49Z,SJI_2796,0,0
sji,39530552,2018-05-05T07:38:23.14Z,SJI_2796,0,0
sji,39530576,2018-05-05T07:40:35.77Z,SJI_2796,0,0
sji,39530600,2018-05-05T07:42:48.42Z,SJI_2796,0,0
sji,39530624,2018-05-05T07:45:01.05Z,SJI_2796,0,0
sji,39530648,2018-05-05T07:47:13.70Z,SJI_2796,0,0
sji,39530672,2018-05-05T07:49:26.33Z,SJI_2796,0,0
sji,39530696,2018-05-05T07:51:38.99Z,SJI_2796,0,0
sji,39530720,2018-05-05T07:53:51.61Z,SJI_2796,0,0
sji,39530744,2018-05-05T07:56:04.27Z,SJI_2796,0,0
sji,39530768,2018-05-05T07:58:16.89Z,SJI_2796,0,0
sji,39530792,2018-05-05T08:00:29.55Z,SJI_2796,0,0
sji,39530816,2018-05-05T08:02:42.17Z,SJI_2796,0,0
sji,39530840,2018-05-05T08:04:54.83Z,SJI_2796,0,0
sji,39530864,2018-05-05T08:07:07.45Z,SJI_2796,0,0
sji,39530888,2018-05-05T08:09:20.11Z,SJI_2796,0,0
sji,39530912,2018-05-05T08:11:32.74Z,SJI_2796,0,0
sji,39530936,2018-05-05T08:13:45.39Z,SJI_2796,0,0
sji,39530960,2018-05-05T08:15:58.02Z,SJI_2796,0,0
sji,39530984,2018-05-05T08:18:10.67Z,SJI_2796,0,0
sji,39531008,2018-05-05T08:20:23.30Z,SJI_2796,0,0
sji,39531032,2018-05-05T08:22:35.95Z,SJI_2796,0,0
sji,39531056,2018-05-05T08:24:48.58Z,SJI_2796,0,0
sji,39531080,2018-05-05T08:27:01.24Z,SJI_2796,0,0
sji,39531104,2018-05-05T08:29:13.86Z,SJI_2796,0,0
sji,39531128,2018-05-05T08:31:26.52Z,SJI_2796,0,0
sji,39531152,2018-05-05T08:33:39.14Z,SJI_2796,0,0
sji,39531176,2018-05-05T08:35:51.80Z,SJI_2796,0,0
sji,39531200,2018-05-05T08:38:04.42Z,SJI_2796,0,0
sji,39531224,2018-05-05T08:40:17.08Z,SJI_2796,0,0
sji,39531248,2018-05-05T08:42:29.70Z,SJI_2796,0,0
sji,39531272,2018-05-05T08:44:42.36Z,SJI_2796,0,0
sji,39531296,2018-05-05T08:46:54.99Z,SJI_2796,0,0
sji,39531320,2018-05-05T08:49:07.64Z,SJI_2796,0,0
sji,39531344,2018-05-05T08:51:20.27Z,SJI_2796,0,0
sji,39531554,2018-05-05T09:10:40.77Z,SJI_2796,0,0
sji,39531578,2018-05-05T09:12:53.42Z,SJI_2796,0,0
sji,39531602,2018-05-05T09:15:06.05Z,SJI_2796,0,0
sji,39531626,2018-05-05T09:17:18.70Z,SJI_2796,0,0
sji,39531650,2018-05-05T09:19:31.33Z,SJI_2796,0,0
sji,39531674,2018-05-05T09:21:43.99Z,SJI_2796,0,0
sji,39531698,2018-05-05T09:23:56.61Z,SJI_2796,0,0
sji,39531722,2018-05-05T09:26:09.27Z,SJI_2796,0,0
sji,39531746,2018-05-05T09:28:21.89Z,SJI_2796,0,0
sji,39531770,2018-05-05T09:30:34.55Z,SJI_2796,0,0
sji,39531794,2018-05-05T09:32:47.17Z,SJI_2796,0,0
sji,39531818,2018-05-05T09:34:59.83Z,SJI_2796,0,0
sji,39531842,2018-05-05T09:37:12.45Z,SJI_2796,0,0
sji,39531866,2018-05-05T09:39:25.11Z,SJI_2796,0,0
sji,39531890,2018-05-05T09:41:37.74Z,SJI_2796,0,0
sji,39531914,2018-05-05T09:43:50.39Z,SJI_2796,0,0
sji,39531938,2018-05-05T09:46:03.02Z,SJI_2796,0,0
sji,39531962,2018-05-05T09:48:15.67Z,SJI_2796,0,0
sji,39531986,2018-05-05T09:50:28.30Z,SJI_2796,0,0
sji,39532010,2018-05-05T09:52:40.95Z,SJI_2796,0,0
sji,39532034,2018-05-05T09:54:53.58Z,SJI_2796,0,0
sji,39532058,2018-05-05T09:57:06.24Z,SJI_2796,0,0
sji,39532082,2018-05-05T09:59:18.86Z,SJI_2796,0,0
sji,39532106,2018-05-05T10:01:31.52Z,SJI_2796,0,0
sji,39532130,2018-05-05T10:03:44.14Z,SJI_2796,0,0
sji,39532154,2018-05-05T10:05:56.80Z,SJI_2796,0,0
sji,39532178,2018-05-05T10:08:09.42Z,SJI_2796,0,0
sji,39532202,2018-05-05T10:10:22.08Z,SJI_2796,0,0
sji,39532226,2018-05-05T10:12:34.70Z,SJI_2796,0,0
sji,39532250,2018-05-05T10:14:47.36Z,SJI_2796,0,0
sji,39532274,2018-05-05T10:16:59.99Z,SJI_2796,0,0
sji,39532298,2018-05-05T10:19:12.64Z,SJI_2796,0,0
sji,39532322,2018-05-05T10:21:25.27Z,SJI_2796,0,0
sji,39532346,2018-05-05T10:23:37.92Z,SJI_2796,0,0
sji,39532370,2018-05-05T10:25:50.55Z,SJI_2796,0,0
sji,39532394,2018-05-05T10:28:03.20Z,SJI_2796,0,0
sji,39532418,2018-05-05T10:30:15.83Z,SJI_2796,0,0
sji,39532586,2018-05-05T10:45:44.33Z,SJI_2796,0,0
sji,39532610,2018-05-05T10:47:56.95Z,SJI_2796,0,0
sji,39532634,2018-05-05T10:50:09.61Z,SJI_2796,0,0
sji,39532658,2018-05-05T10:52:22.24Z,SJI_2796,0,0
sji,39532682,2018-05-05T10:54:34.89Z,SJI_2796,0,0
sji,39532706,2018-05-05T10:56:47.52Z,SJI_2796,0,0
sji,39532730,2018-05-05T10:59:00.18Z,SJI_2796,0,0
sji,39532754,2018-05-05T11:01:12.80Z,SJI_2796,0,0
sji,39532778,2018-05-05T11:03:25.45Z,SJI_2796,0,0
sji,39532802,2018-05-05T11:05:38.08Z,SJI_2796,0,0
sji,39532826,2018-05-05T11:07:50.74Z,SJI_2796,0,0
sji,39532850,2018-05-05T11:10:03.36Z,SJI_2796,0,0
sji,39532874,2018-05-05T11:12:16.02Z,SJI_2796,0,0
sji,39532898,2018-05-05T11:14:28.64Z,SJI_2796,0,0
sji,39532922,2018-05-05T11:16:41.30Z,SJI_2796,0,0
sji,39532946,2018-05-05T11:18:53.92Z,SJI_2796,0,0
sji,39532970,2018-05-05T11:21:06.58Z,SJI_2796,0,0
sji,39532994,2018-05-05T11:23:19.20Z,SJI_2796,0,0
sji,39533018,2018-05-05T11:25:31.86Z,SJI_2796,0,0
sji,39533042,2018-05-05T11:27:44.49Z,SJI_2796,0,0
sji,39533066,2018-05-05T11:29:57.14Z,SJI_2796,0,0
sji,39533090,2018-05-05T11:32:09.77Z,SJI_2796,0,0
sji,39533114,2018-05-05T11:34:22.42Z,SJI_2796,0,0
sji,39533138,2018-05-05T11:36:35.05Z,SJI_2796,0,0
sji,39533162,2018-05-05T11:38:47.70Z,SJI_2796,0,0
sji,39533186,2018-05-05T11:41:00.33Z,SJI_2796,0,0
sji,39533210,2018-05-05T11:43:12.99Z,SJI_2796,0,0
sji,39533234,2018-05-05T11:45:25.61Z,SJI_2796,0,0
sji,39533258,2018-05-05T11:47:38.27Z,SJI_2796,0,0
sji,39533282,2018-05-05T11:49:50.89Z,SJI_2796,0,0
sji,39533306,2018-05-05T11:52:03.55Z,SJI_2796,0,0
sji,39533330,2018-05-05T11:54:16.17Z,SJI_2796,0,0
sji,39533354,2018-05-05T11:56:28.83Z,SJI_2796,0,0
sji,39533378,2018-05-05T11:58:41.45Z,SJI_2796,0,0
sji,39533402,2018-05-05T12:00:54.11Z,SJI_2796,0,0
sji,39533426,2018-05-05T12:03:06.74Z,SJI_2796,0,0
sji,39562817,2018-05-06T07:07:05.96Z,SJI_2796,0,0
sji,39562837,2018-05-06T07:09:21.17Z,SJI_2796,0,0
sji,39562861,2018-05-06T07:11:33.80Z,SJI_2796,0,0
sji,39562885,2018-05-06T07:13:46.45Z,SJI_2796,0,0
sji,39562909,2018-05-06T07:15:59.08Z,SJI_2796,0,0
sji,39562933,2018-05-06T07:18:11.74Z,SJI_2796,0,0
sji,39562957,2018-05-06T07:20:24.36Z,SJI_2796,0,0
sji,39562981,2018-05-06T07:22:37.02Z,SJI_2796,0,0
sji,39563005,2018-05-06T07:24:49.64Z,SJI_2796,0,0
sji,39563029,2018-05-06T07:27:02.30Z,SJI_2796,0,0
sji,39563053,2018-05-06T07:29:14.92Z,SJI_2796,0,0
sji,39563077,2018-05-06T07:31:27.58Z,SJI_2796,0,0
sji,39563101,2018-05-06T07:33:40.20Z,SJI_2796,0,0
sji,39563125,2018-05-06T07:35:52.86Z,SJI_2796,0,0
sji,39563341,2018-05-06T07:55:46.61Z,SJI_2796,0,0
sji,39563365,2018-05-06T07:57:59.27Z,SJI_2796,0,0
sji,39563389,2018-05-06T08:00:11.89Z,SJI_2796,0,0
sji,39563413,2018-05-06T08:02:24.55Z,SJI_2796,0,0
sji,39563437,2018-05-06T08:04:37.17Z,SJI_2796,0,0
sji,39563461,2018-05-06T08:06:49.83Z,SJI_2796,0,0
sji,39563485,2018-05-06T08:09:02.45Z,SJI_2796,0,0
sji,39563509,2018-05-06T08:11:15.11Z,SJI_2796,0,0
sji,39563533,2018-05-06T08:13:27.74Z,SJI_2796,0,0
sji,39563557,2018-05-06T08:15:40.39Z,SJI_2796,0,0
sji,39563581,2018-05-06T08:17:53.02Z,SJI_2796,0,0
sji,39563605,2018-05-06T08:20:05.67Z,SJI_2796,0,0
sji,39563629,2018-05-06T08:22:18.30Z,SJI_2796,0,0
sji,39563653,2018-05-06T08:24:30.95Z,SJI_2796,0,0
sji,39563677,2018-05-06T08:26:43.58Z,SJI_2796,0,0
sji,39563701,2018-05-06T08:28:56.24Z,SJI_2796,0,0
sji,39563725,2018-05-06T08:31:08.86Z,SJI_2796,0,0
sji,39563749,2018-05-06T08:33:21.52Z,SJI_2796,0,0
sji,39563773,2018-05-06T08:35:34.14Z,SJI_2796,0,0
sji,39563797,2018-05-06T08:37:46.80Z,SJI_2796,0,0
sji,39563821,2018-05-06T08:39:59.42Z,SJI_2796,0,0
sji,39563845,2018-05-06T08:42:12.08Z,SJI_2796,0,0
sji,39563869,2018-05-06T08:44:24.70Z,SJI_2796,0,0
sji,39563893,2018-05-06T08:46:37.36Z,SJI_2796,0,0
sji,39563917,2018-05-06T08:48:49.99Z,SJI_2796,0,0
sji,39563941,2018-05-06T08:51:02.64Z,SJI_2796,0,0
sji,39563965,2018-05-06T08:53:15.27Z,SJI_2796,0,0
sji,39563989,2018-05-06T08:55:27.93Z,SJI_2796,0,0
sji,39564013,2018-05-06T08:57:40.55Z,SJI_2796,0,0
sji,39564037,2018-05-06T08:59:53.20Z,SJI_2796,0,0
sji,39564061,2018-05-06T09:02:05.83Z,SJI_2796,0,0
sji,39564085,2018-05-06T09:04:18.49Z,SJI_2796,0,0
sji,39564109,2018-05-06T09:06:31.11Z,SJI_2796,0,0
sji,39564133,2018-05-06T09:08:43.77Z,SJI_2796,0,0
sji,39564157,2018-05-06T09:10:56.39Z,SJI_2796,0,0
sji,39564181,2018-05-06T09:13:09.05Z,SJI_2796,0,0
sji,39564379,2018-05-06T09:31:23.20Z,SJI_2796,0,0
sji,39564403,2018-05-06T09:33:35.86Z,SJI_2796,0,0
sji,39564427,2018-05-06T09:35:48.49Z,SJI_2796,0,0
sji,39564451,2018-05-06T09:38:01.14Z,SJI_2796,0,0
sji,39564475,2018-05-06T09:40:13.77Z,SJI_2796,0,0
sji,39564499,2018-05-06T09:42:26.42Z,SJI_2796,0,0
sji,39564523,2018-05-06T09:44:39.05Z,SJI_2796,0,0
sji,39564547,2018-05-06T09:46:51.70Z,SJI_2796,0,0
sji,39564571,2018-05-06T09:49:04.33Z,SJI_2796,0,0
sji,39564595,2018-05-06T09:51:16.99Z,SJI_2796,0,0
sji,39564619,2018-05-06T09:53:29.61Z,SJI_2796,0,0
sji,39564643,2018-05-06T09:55:42.27Z,SJI_2796,0,0
sji,39564667,2018-05-06T09:57:54.89Z,SJI_2796,0,0
sji,39564691,2018-05-06T10:00:07.55Z,SJI_2796,0,0
sji,39564715,2018-05-06T10:02:20.17Z,SJI_2796,0,0
sji,39564739,2018-05-06T10:04:32.83Z,SJI_2796,0,0
sji,39564763,2018-05-06T10:06:45.45Z,SJI_2796,0,0
sji,39564787,2018-05-06T10:08:58.11Z,SJI_2796,0,0
sji,39564811,2018-05-06T10:11:10.74Z,SJI_2796,0,0
sji,39564835,2018-05-06T10:13:23.39Z,SJI_2796,0,0
sji,39564859,2018-05-06T10:15:36.02Z,SJI_2796,0,0
sji,39564883,2018-05-06T10:17:48.67Z,SJI_2796,0,0
sji,39564913,2018-05-06T10:20:34.58Z,SJI_2796,0,0
sji,39564937,2018-05-06T10:22:47.24Z,SJI_2796,0,0
sji,39564961,2018-05-06T10:24:59.86Z,SJI_2796,0,0
sji,39564991,2018-05-06T10:27:45.55Z,SJI_2796,0,0
sji,39565015,2018-05-06T10:29:58.20Z,SJI_2796,0,0
sji,39565039,2018-05-06T10:32:10.83Z,SJI_2796,0,0
sji,39565063,2018-05-06T10:34:23.49Z,SJI_2796,0,0
sji,39565087,2018-05-06T10:36:36.11Z,SJI_2796,0,0
sji,39565111,2018-05-06T10:38:48.77Z,SJI_2796,0,0
sji,39565135,2018-05-06T10:41:01.39Z,SJI_2796,0,0
sji,39565159,2018-05-06T10:43:14.05Z,SJI_2796,0,0
sji,39565183,2018-05-06T10:45:26.67Z,SJI_2796,0,0
sji,39565207,2018-05-06T10:47:39.33Z,SJI_2796,0,0
sji,39565231,2018-05-06T10:49:51.95Z,SJI_2796,0,0
sji,39565255,2018-05-06T10:52:04.61Z,SJI_2796,0,0
sji,39565399,2018-05-06T11:05:20.45Z,SJI_2796,0,0
sji,39565423,2018-05-06T11:07:33.08Z,SJI_2796,0,0
sji,39565447,2018-05-06T11:09:45.74Z,SJI_2796,0,0
sji,39565471,2018-05-06T11:11:58.36Z,SJI_2796,0,0
sji,39565495,2018-05-06T11:14:11.02Z,SJI_2796,0,0
sji,39565519,2018-05-06T11:16:23.64Z,SJI_2796,0,0
sji,39565543,2018-05-06T11:18:36.30Z,SJI_2796,0,0
sji,39565567,2018-05-06T11:20:48.92Z,SJI_2796,0,0
sji,39565591,2018-05-06T11:23:01.58Z,SJI_2796,0,0
sji,39565615,2018-05-06T11:25:14.20Z,SJI_2796,0,0
sji,39565639,2018-05-06T11:27:26.86Z,SJI_2796,0,0
sji,39565663,2018-05-06T11:29:39.49Z,SJI_2796,0,0
sji,39565687,2018-05-06T11:31:52.14Z,SJI_2796,0,0
sji,39565711,2018-05-06T11:34:04.77Z,SJI_2796,0,0
sji,39565735,2018-05-06T11:36:17.42Z,SJI_2796,0,0
sji,39565759,2018-05-06T11:38:30.05Z,SJI_2796,0,0
sji,39565783,2018-05-06T11:40:42.70Z,SJI_2796,0,0
sji,39565807,2018-05-06T11:42:55.33Z,SJI_2796,0,0
sji,39565831,2018-05-06T11:45:07.99Z,SJI_2796,0,0
sji,39565855,2018-05-06T11:47:20.61Z,SJI_2796,0,0
sji,39565879,2018-05-06T11:49:33.27Z,SJI_2796,0,0
sji,39565903,2018-05-06T11:51:45.89Z,SJI_2796,0,0
sji,39565927,2018-05-06T11:53:58.55Z,SJI_2796,0,0
sji,39565951,2018-05-06T11:56:11.17Z,SJI_2796,0,0
sji,39565975,2018-05-06T11:58:23.83Z,SJI_2796,0,0
sji,39565999,2018-05-06T12:00:36.45Z,SJI_2796,0,0
sji,39566023,2018-05-06T12:02:49.11Z,SJI_2796,0,0
sji,39566047,2018-05-06T12:05:01.74Z,SJI_2796,0,0
